rollout/ep_len_mean,rollout/ep_rew_mean,time/fps,time/total_timesteps,time/time_elapsed,time/iterations,train/loss,train/std,train/clip_range,train/approx_kl,train/n_updates,train/explained_variance,train/policy_gradient_loss,train/entropy_loss,train/value_loss,train/clip_fraction,train/learning_rate
112.0,226.60303244444444,968,2048,2,1,,,,,,,,,,,
112.0,226.04049625000002,809,4096,5,2,544.312255859375,1.0013412237167358,0.2,0.015251692,10,-0.007753133773803711,-0.05359113604936283,-41.17405945062637,1161.8687324523926,0.1732421875,0.0002
112.4074074074074,227.96132949999995,762,6144,8,3,455.5751953125,1.0001277923583984,0.2,0.014836427,20,0.12864649295806885,-0.047475986098288556,-41.1695552110672,1057.1812108993531,0.14482421875,0.0002
112.52777777777777,228.6510922361111,734,8192,11,4,472.6596984863281,0.9987538456916809,0.2,0.016684676,30,0.3542410731315613,-0.05222578294633422,-41.130804693698884,1037.1745800018311,0.171240234375,0.0002
112.48351648351648,228.616406021978,728,10240,14,5,409.4011535644531,0.9985775351524353,0.2,0.01616456,40,0.48075395822525024,-0.052431052645260934,-41.114960885047914,969.8865894317627,0.17041015625,0.0002
112.55,228.82170473999997,720,12288,17,6,356.1894836425781,0.9983382225036621,0.2,0.02014813,50,0.595700740814209,-0.06208716724067927,-41.09448794126511,879.3954591751099,0.217431640625,0.0002
112.61,228.84887323000004,723,14336,19,7,378.0595703125,0.9988075494766235,0.2,0.023102727,59,0.6803116798400879,-0.06023218001549443,-41.110955917473994,802.6333900220467,0.22496448863636365,0.0002
112.63,229.15768893999993,722,16384,22,8,320.7069091796875,0.9981333613395691,0.2,0.02126011,68,0.7129411697387695,-0.060549963711711924,-41.099859565601015,770.7177670127467,0.22976973684210528,0.0002
112.36,228.51428848000006,721,18432,25,9,323.15631103515625,0.9983014464378357,0.2,0.020685796,78,0.7466980218887329,-0.06286799966183025,-41.09976817369461,696.9824502944946,0.240771484375,0.0002
112.31,228.21922870999992,717,20480,28,10,331.7235107421875,0.9984457492828369,0.2,0.02123638,88,0.7769553661346436,-0.06597873776336201,-41.09888223409653,656.1193625450135,0.24658203125,0.0002
112.14,227.68480651000002,719,22528,31,11,287.9677429199219,0.9992792010307312,0.2,0.021249373,96,0.8025355935096741,-0.059923251764652345,-41.1175658310516,614.5166413512411,0.2097837552742616,0.0002
112.18,227.66529330999998,716,24576,34,12,237.04733276367188,0.9971201419830322,0.2,0.021624386,106,0.8101138472557068,-0.06834508977190126,-41.087453234195706,581.2517963409424,0.2482421875,0.0002
112.35,228.46104614,715,26624,37,13,274.5233154296875,0.998106837272644,0.2,0.022493321,115,0.8288794755935669,-0.06416793278607445,-41.08151796589727,545.4413745161415,0.24128170289855072,0.0002
112.29,227.72080285,714,28672,40,14,307.3845520019531,0.9983223676681519,0.2,0.021781528,124,0.8505542874336243,-0.062474331651092244,-41.09757575560152,501.13427037156924,0.22033005617977527,0.0002
112.29,227.3499683,711,30720,43,15,179.0322265625,0.9980021119117737,0.2,0.022416316,134,0.866641640663147,-0.07041717208630871,-41.088097631931305,450.7010754585266,0.264404296875,0.0002
112.44,227.76856645,712,32768,46,16,199.879638671875,0.9991819262504578,0.2,0.021474635,142,0.8799234628677368,-0.06532449391396607,-41.10582537183575,422.8147732603784,0.23958333333333334,0.0002
112.43,227.65471994999996,710,34816,48,17,132.45620727539062,0.997048556804657,0.2,0.023811853,152,0.8917332887649536,-0.07237426569288383,-41.07618203084977,393.52660757596374,0.2752561475409836,0.0002
112.28,227.21215078000006,711,36864,51,18,112.673583984375,0.9965366125106812,0.2,0.0208785,159,0.9032814502716064,-0.058185462703072066,-41.055456297092526,358.14476533862654,0.2149733412322275,0.0002
112.38,227.92668616999998,711,38912,54,19,132.97665405273438,0.9967955350875854,0.2,0.021271382,167,0.9132887125015259,-0.0612699274059792,-41.052097480838036,325.89001471255006,0.22373949579831934,0.0002
112.5,228.69589552999997,712,40960,57,20,107.58948516845703,0.9965959787368774,0.2,0.02204337,176,0.9202690124511719,-0.06486576049840145,-41.043732984222636,310.2221851766545,0.24349908759124086,0.0002
112.56,228.7013989,710,43008,60,21,140.1397247314453,0.9980216026306152,0.2,0.02218446,186,0.9252438545227051,-0.06879097926139366,-41.06783691644669,289.802711057663,0.26591796875,0.0002
112.67,228.93274823999997,708,45056,63,22,118.91304779052734,0.9976729154586792,0.2,0.02199176,195,0.9311510324478149,-0.06621841378054107,-41.07911331336815,261.2635828831813,0.24262456293706294,0.0002
113.01,230.22881009,709,47104,66,23,150.24627685546875,0.9974645376205444,0.2,0.022094015,202,0.9429567456245422,-0.057619353938030034,-41.06920465608923,233.26621525462082,0.221875,0.0002
112.94,229.54430646,711,49152,69,24,103.41278839111328,0.9969419836997986,0.2,0.024542822,210,0.9473978281021118,-0.06425192965573426,-41.05768674106921,222.41400243468203,0.2517876059322034,0.0002
113.0,229.74716912000002,712,51200,71,25,66.84146118164062,0.9970638155937195,0.2,0.022975164,218,0.9526429176330566,-0.06418090623509536,-41.047639268343566,184.4247993094022,0.2574923155737705,0.0002
112.91,229.57460253999994,715,53248,74,26,84.87789916992188,0.99811190366745,0.2,0.023054013,225,0.9582961797714233,-0.05974371426571638,-41.06955703344101,184.47923967410355,0.22860576923076922,0.0002
112.85,229.34859405000003,716,55296,77,27,92.6360855102539,0.9987388849258423,0.2,0.02287963,232,0.9629541635513306,-0.06602807417088612,-41.088682296059346,157.6263823075728,0.25362215909090907,0.0002
112.92,229.41216459,718,57344,79,28,65.26958465576172,0.9986820220947266,0.2,0.02516826,240,0.9657920598983765,-0.06490138772267512,-41.10154650446683,139.0989174576788,0.2532188841201717,0.0002
112.91,229.57878928,720,59392,82,29,62.20186996459961,0.9978315830230713,0.2,0.022767758,246,0.9715047478675842,-0.058666236772585444,-41.085577168184166,124.79633506326114,0.2124080882352941,0.0002
113.05,230.16741041999998,721,61440,85,30,57.07328414916992,0.9988113641738892,0.2,0.023836361,253,0.9727104902267456,-0.06108098311304319,-41.09230141988615,119.24182592252406,0.24786585365853658,0.0002
113.21,230.51020021999997,722,63488,87,31,43.299285888671875,0.9977747201919556,0.2,0.022662792,260,0.9751922488212585,-0.05955031577182646,-41.08303548328912,109.32332808461355,0.22838930348258707,0.0002
113.33,230.96649989000002,722,65536,90,32,32.75981140136719,0.9964879751205444,0.2,0.022797136,268,0.9765241146087646,-0.0643453064386219,-41.047750607565725,97.20820552778441,0.24422977178423236,0.0002
113.26,230.25419574000003,723,67584,93,33,46.26927185058594,0.9969184994697571,0.2,0.024895756,275,0.9808868765830994,-0.06201047942605476,-41.03978952807049,81.16363033915675,0.2521075581395349,0.0002
113.17,230.77945357000002,724,69632,96,34,19.720256805419922,0.9971529841423035,0.2,0.0232823,283,0.98416668176651,-0.0639755842529206,-41.049000169442785,62.6295138243352,0.2536610878661088,0.0002
113.08,230.96836507000003,724,71680,98,35,24.54728126525879,0.9962063431739807,0.2,0.021778353,290,0.9869980216026306,-0.05900201345195806,-41.03795350800961,56.59667827886179,0.2397505733944954,0.0002
112.84,230.86512217,724,73728,101,36,23.286012649536133,0.9966064095497131,0.2,0.023504982,298,0.9879812002182007,-0.06322454524853705,-41.03051575641243,50.06509987967355,0.24228316326530613,0.0002
112.75,230.75004501,725,75776,104,37,23.2582950592041,0.9959273338317871,0.2,0.0232614,304,0.9890496730804443,-0.056890996651408454,-41.02544159185691,46.237575155789735,0.24496243169398907,0.0002
112.79,231.20578398,726,77824,107,38,19.005910873413086,0.9957133531570435,0.2,0.026626356,312,0.990635871887207,-0.05962628315280844,-41.005891035306824,36.36727346512715,0.24112059471365638,0.0002
112.58,231.00175383,727,79872,109,39,16.84182357788086,0.9935144186019897,0.2,0.025738878,319,0.9922147393226624,-0.05757125103368591,-40.96611776107397,30.451042062808305,0.24375,0.0002
112.41,230.87768996000003,728,81920,112,40,7.360230922698975,0.9905950427055359,0.2,0.0245316,326,0.9935986995697021,-0.06052497804201054,-40.88929865198228,25.500679215181222,0.24264259708737865,0.0002
112.47,231.39911009,729,83968,115,41,9.120473861694336,0.9887513518333435,0.2,0.02077645,331,0.9944823980331421,-0.0498756545054075,-40.82850976083793,24.490813972124087,0.21160130718954248,0.0002
112.46,231.98576695,729,86016,117,42,10.090370178222656,0.98823082447052,0.2,0.03380304,339,0.9948268532752991,-0.061812302809622556,-40.79062477959527,21.05769707573785,0.264375,0.0002
112.63,233.04310202,731,88064,120,43,8.346783638000488,0.9869629144668579,0.2,0.024703266,344,0.9951149225234985,-0.043264229273608394,-40.76331658399742,21.032444466161365,0.17915076335877864,0.0002
112.86,234.61400496999994,732,90112,122,44,7.842440605163574,0.9872453808784485,0.2,0.023626905,350,0.9955537915229797,-0.05699579187140272,-40.748900666108,18.559049023808658,0.24552364864864865,0.0002
112.95,235.62797172999996,732,92160,125,45,5.118917465209961,0.9864544868469238,0.2,0.023692083,359,0.9960120916366577,-0.0642557212858832,-40.73827538454443,15.176139799275793,0.2521734022556391,0.0002
113.06,236.78193137999997,734,94208,128,46,6.477456092834473,0.9866020679473877,0.2,0.022639668,365,0.9970694184303284,-0.05510614673414874,-40.737169699694114,11.95028431453402,0.23206018518518517,0.0002
113.2,238.04420028,735,96256,130,47,4.658910751342773,0.9853343963623047,0.2,0.022448786,370,0.9971985220909119,-0.045059651686725294,-40.71492091092196,12.81135678652561,0.18276515151515152,0.0002
113.26,238.95766056,736,98304,133,48,7.733994007110596,0.9843531847000122,0.2,0.022800466,376,0.9972901940345764,-0.053805400773538334,-40.681112102001386,10.761858871217408,0.23699421965317918,0.0002
113.56,240.42702365000005,737,100352,136,49,4.707531929016113,0.9833101630210876,0.2,0.021652903,381,0.9974866509437561,-0.04864188348496887,-40.658474535555456,10.267029280598098,0.20608108108108109,0.0002
113.73,241.49922035000003,737,102400,138,50,3.1683528423309326,0.983290433883667,0.2,0.022188846,389,0.9975250959396362,-0.05912710079206271,-40.6374559123147,9.632274224668366,0.22659518828451883,0.0002
113.98,242.10243950000003,737,104448,141,51,3.277998685836792,0.9817491769790649,0.2,0.023143157,396,0.9977002143859863,-0.056762533174511395,-40.613387125842976,8.628310873823345,0.24012382075471697,0.0002
114.07,242.88080597,739,106496,144,52,2.313518524169922,0.9808971881866455,0.2,0.021453116,401,0.998298168182373,-0.05135844924780947,-40.58108878935744,6.719143251444669,0.23101929530201343,0.0002
114.18,244.06782063999998,739,108544,146,53,2.075629234313965,0.979515552520752,0.2,0.023323119,408,0.9986994862556458,-0.061457586988840435,-40.54084532724786,5.185807892639713,0.2606759049773756,0.0002
114.31,244.97249931000002,740,110592,149,54,2.609400749206543,0.97955721616745,0.2,0.023106366,413,0.9985957145690918,-0.050159382794550816,-40.527344958882935,6.0297283404309985,0.20565580985915494,0.0002
114.34,245.70075248,741,112640,151,55,1.4888954162597656,0.9779947996139526,0.2,0.022872685,419,0.9986427426338196,-0.05628596626532575,-40.506160616874695,5.210640553385019,0.244384765625,0.0002
114.38,246.89286831,742,114688,154,56,2.917879104614258,0.9783395528793335,0.2,0.02343445,425,0.9985921382904053,-0.051016726306673275,-40.48616719533162,5.679835101208055,0.2233621987951807,0.0002
114.66,248.22152091999996,742,116736,157,57,1.9092936515808105,0.9784525632858276,0.2,0.021221377,431,0.9986985921859741,-0.052103228203913304,-40.49907782190133,4.882853093571688,0.22144960732984292,0.0002
114.81,248.9849082899999,742,118784,159,58,1.8571255207061768,0.9768677949905396,0.2,0.02262732,438,0.9989093542098999,-0.06346197785423682,-40.46681615468618,4.0846367999240085,0.2615427927927928,0.0002
114.96,249.66440024999997,743,120832,162,59,1.2563211917877197,0.9767327308654785,0.2,0.021619547,444,0.9989616870880127,-0.05328078717160635,-40.44221398359287,3.9542285039753255,0.22576721556886228,0.0002
115.09,251.15548391000002,744,122880,165,60,0.7273973226547241,0.9746205806732178,0.2,0.024615688,450,0.9989345073699951,-0.055326477245449326,-40.41025749472685,4.103408677633419,0.23601017441860464,0.0002
115.29,252.26776783999998,744,124928,167,61,1.367815613746643,0.9729904532432556,0.2,0.024213543,456,0.9991648197174072,-0.05416834549870082,-40.35321466312852,3.2907320233278496,0.2508175872093023,0.0002
115.19,252.68944767000002,745,126976,170,62,1.392223834991455,0.9731272459030151,0.2,0.030178837,462,0.9990926384925842,-0.04754713326200889,-40.331728917471374,3.6783522522967793,0.1972049689440994,0.0002
115.33,252.84187204000003,745,129024,173,63,1.7220208644866943,0.9734841585159302,0.2,0.023510063,469,0.99916011095047,-0.057483198801420776,-40.33570927264643,3.106085078389037,0.24892769607843138,0.0002
115.34,253.29519080000009,745,131072,175,64,1.4494047164916992,0.9724748134613037,0.2,0.021143552,476,0.9991030693054199,-0.055821948810546744,-40.33360391770494,3.3265522458542014,0.2404472748815166,0.0002
115.41,254.30934487000002,746,133120,178,65,0.8651880025863647,0.9717889428138733,0.2,0.021844704,482,0.9992959499359131,-0.04987774468574892,-40.30334746416877,2.810539985404295,0.2295955882352941,0.0002
115.66,255.38259261,746,135168,180,66,1.8078402280807495,0.971312940120697,0.2,0.021701291,487,0.9992383122444153,-0.04836225386734317,-40.28531501406715,3.070963501119289,0.21704931972789115,0.0002
115.88,256.49391857,747,137216,183,67,1.5868208408355713,0.9702163934707642,0.2,0.023925947,494,0.9992141723632812,-0.058546541801964246,-40.257750556582494,3.130258496034713,0.24657738095238096,0.0002
115.87,257.61902913000006,747,139264,186,68,0.9104212522506714,0.9705721139907837,0.2,0.021100266,500,0.9991905689239502,-0.049883918859725165,-40.25211063651152,3.3076866615650267,0.21729651162790697,0.0002
115.97,258.71914893999997,748,141312,188,69,0.5568514466285706,0.9685407280921936,0.2,0.023209479,506,0.9993379712104797,-0.04820801643654704,-40.219140348763304,2.6466807681938698,0.2216235632183908,0.0002
116.2,259.72840798,749,143360,191,70,0.6330872178077698,0.968366265296936,0.2,0.022570748,511,0.9993746280670166,-0.04917449407124271,-40.19107217055101,2.2842803314710274,0.22736378205128205,0.0002
116.26,260.13762262,749,145408,193,71,0.8563840985298157,0.9673535823822021,0.2,0.022131832,517,0.9993948340415955,-0.05360263891828557,-40.172138362460664,2.4251875480016074,0.22890625,0.0002
116.42,260.86854279,749,147456,196,72,1.2420835494995117,0.9668893218040466,0.2,0.022872593,524,0.9993428587913513,-0.05691338491906385,-40.14902883363001,2.6763064855510748,0.2611498786407767,0.0002
116.65,261.92908111,750,149504,199,73,0.9723750948905945,0.9653579592704773,0.2,0.023512907,530,0.999440610408783,-0.05650049548656229,-40.12042086611512,2.3328648722299965,0.24655577956989247,0.0002
116.95,262.93543581000006,751,151552,201,74,1.2530487775802612,0.9659819006919861,0.2,0.021677416,535,0.9994071125984192,-0.04535020461205293,-40.11303244410335,2.4752064540579513,0.22054476351351351,0.0002
117.23,263.61228434000003,751,153600,204,75,1.472297191619873,0.9647393226623535,0.2,0.019751528,539,0.9994750022888184,-0.04324325019297248,-40.097640961408615,2.238468552939594,0.20556640625,0.0002
117.32,263.69153518999997,752,155648,206,76,1.4504737854003906,0.9639908075332642,0.2,0.023340994,545,0.9993447661399841,-0.052891735558486766,-40.063227358318514,2.524327141898019,0.2379092261904762,0.0002
117.39,264.7235925,753,157696,209,77,0.6950991153717041,0.9634950160980225,0.2,0.021468582,550,0.9994833469390869,-0.053070341939887695,-40.04989852905273,2.095802879333496,0.24727822580645162,0.0002
117.31,264.94915677999995,753,159744,212,78,0.8779842853546143,0.961823582649231,0.2,0.022910459,556,0.9995002150535583,-0.05303686127350058,-40.01000080937924,1.828314555403979,0.24855638586956522,0.0002
117.27,265.31082173999994,753,161792,214,79,0.922940731048584,0.96178138256073,0.2,0.027957696,562,0.9994895458221436,-0.04898768138100198,-39.990177554848756,2.0960108174218073,0.21788194444444445,0.0002
117.28,266.22055801000005,753,163840,217,80,0.5289475321769714,0.9604861736297607,0.2,0.027673716,570,0.9995091557502747,-0.059971062173684614,-39.970292137179314,1.9130000583990172,0.28227347161572053,0.0002
117.34,266.94080498999995,753,165888,220,81,1.139732837677002,0.9587382078170776,0.2,0.025828052,577,0.9994452595710754,-0.05206139944968935,-39.91904149736677,2.113483253790408,0.23509247448979592,0.0002
117.55,267.95155811,753,167936,222,82,0.7797533273696899,0.9585935473442078,0.2,0.022820376,584,0.9994658827781677,-0.054936098284634624,-39.89331591968805,2.2233150223611107,0.24713908450704225,0.0002
117.7,268.64671321000003,754,169984,225,83,0.8664411306381226,0.9574110507965088,0.2,0.024517458,590,0.99952232837677,-0.04852205871180053,-39.875493721143734,1.9981793736565043,0.23520710059171598,0.0002
117.76,269.16992211,754,172032,228,84,0.6549856066703796,0.9572892189025879,0.2,0.025049321,597,0.9994980096817017,-0.055551852570010385,-39.85659418300707,2.049521798382,0.25741390306122447,0.0002
117.61,269.6835794499999,754,174080,230,85,0.6267408728599548,0.9563992023468018,0.2,0.022281967,603,0.9993959665298462,-0.05348415731678943,-39.84060675131308,2.1726894997261668,0.24864864864864866,0.0002
117.72,270.30581708,755,176128,233,86,0.8016912937164307,0.9555665254592896,0.2,0.019276155,607,0.9995366334915161,-0.037094669658000824,-39.80887766237612,1.8218875152093392,0.19516782407407407,0.0002
117.82,271.16205993,755,178176,235,87,1.2765408754348755,0.9544403553009033,0.2,0.018935679,612,0.9994279742240906,-0.046151287306941326,-39.78356955743605,2.5469657028875043,0.2060483870967742,0.0002
117.85,271.6609673,756,180224,238,88,0.7430365681648254,0.9531171321868896,0.2,0.022280782,619,0.9994031190872192,-0.05579379968819957,-39.745916198281684,2.441388183364681,0.23039215686274508,0.0002
118.1,272.74863227000003,756,182272,240,89,0.8167758584022522,0.951464831829071,0.2,0.021801228,625,0.9995917677879333,-0.047913545395451534,-39.69879874957384,1.725402593612671,0.22383505917159763,0.0002
118.42,273.87171996999996,757,184320,243,90,0.7071542143821716,0.94949871301651,0.2,0.023131574,630,0.9994903206825256,-0.045629370545553,-39.63864701085811,2.134354243175589,0.2199865107913669,0.0002
118.69,274.58665117,757,186368,246,91,0.3841547667980194,0.948428213596344,0.2,0.020319138,636,0.9994809627532959,-0.050091483343679175,-39.59360399351015,2.2064161818106096,0.23033997252747251,0.0002
119.07,275.13371741,757,188416,248,92,0.4929589331150055,0.9479465484619141,0.2,0.021951279,641,0.9995293021202087,-0.049642001645406705,-39.56398868560791,1.9524670355021954,0.240625,0.0002
119.25,275.96892814,758,190464,251,93,0.8112362027168274,0.9466267228126526,0.2,0.0310775,648,0.9995278716087341,-0.05486413014695589,-39.53935372150006,2.0295307315075335,0.2555861398963731,0.0002
119.57,276.4346567,758,192512,253,94,0.8256737589836121,0.9457920789718628,0.2,0.025501277,655,0.9994980096817017,-0.05153272770674186,-39.50171788533529,2.1902306589914198,0.23694029850746268,0.0002
119.64,277.06200931,758,194560,256,95,0.48158198595046997,0.9442316293716431,0.2,0.02720368,662,0.9995861649513245,-0.054671366483011505,-39.461248102876326,1.7584681163743598,0.25837628865979384,0.0002
119.63,277.89306852000004,758,196608,259,96,0.7169449329376221,0.9446989297866821,0.2,0.023217086,667,0.9996088743209839,-0.047039664309547355,-39.45255086228654,1.6204755491501577,0.24514358108108109,0.0002
119.72,278.42344216000004,759,198656,261,97,0.6302860379219055,0.9446568489074707,0.2,0.02589669,672,0.9996109008789062,-0.044434051613198286,-39.453189536706724,1.5779575879004464,0.2306436567164179,0.0002
119.73,278.91857109,760,200704,264,98,0.53434818983078,0.9441838264465332,0.2,0.024201434,678,0.9996176958084106,-0.05148436217541261,-39.446258116050586,1.5560082987215391,0.23677884615384615,0.0002
119.62,279.21764178000006,760,202752,266,99,0.6180023550987244,0.94284588098526,0.2,0.020366618,683,0.9996074438095093,-0.04986030166037381,-39.412361491810195,1.7354060786885102,0.23396915584415584,0.0002
119.67,280.07560706,760,204800,269,100,0.6703708171844482,0.9423372745513916,0.2,0.020202653,688,0.9996058940887451,-0.04499653807686021,-39.392201054890954,1.7632942418257396,0.20375,0.0002
119.75,280.88401103,761,206848,271,101,0.8855685591697693,0.942471981048584,0.2,0.023772802,693,0.9995590448379517,-0.044148698887801256,-39.380616423012555,2.036048301752063,0.21308876811594202,0.0002
119.81,281.55770544,761,208896,274,102,0.376019150018692,0.9411923885345459,0.2,0.024994195,699,0.9996346831321716,-0.051834019611321266,-39.364128177448855,1.484112649650897,0.263329802259887,0.0002
119.94,282.42413640999996,762,210944,276,103,0.42146754264831543,0.9409460425376892,0.2,0.020282933,703,0.9997280240058899,-0.035806542211635546,-39.33656397732821,1.2602239668369293,0.19332386363636364,0.0002
120.0,283.28489116000003,762,212992,279,104,0.4665399491786957,0.9397481679916382,0.2,0.022245176,708,0.9997120499610901,-0.04697456428746007,-39.31393557374582,1.2199943324304976,0.23643867924528303,0.0002
120.2,284.22726882,762,215040,281,105,0.35227513313293457,0.9381917119026184,0.2,0.024832403,713,0.9997161626815796,-0.044257535552961455,-39.26995721482139,1.365633990928417,0.2121898854961832,0.0002
120.31,285.09705607,763,217088,284,106,0.49759894609451294,0.9365170001983643,0.2,0.021076143,719,0.9996626973152161,-0.04688122729400555,-39.21085580573025,1.5435033677572227,0.2243034638554217,0.0002
120.66,285.67543786000005,763,219136,286,107,0.23575568199157715,0.9359176754951477,0.2,0.020980673,723,0.9997287392616272,-0.040712781005807344,-39.174871153750665,1.1822730898857117,0.2063029661016949,0.0002
120.88,286.07685488,764,221184,289,108,0.5062217712402344,0.9347010850906372,0.2,0.021598231,727,0.9997445344924927,-0.03848294108424203,-39.14826454435076,1.2375091527189528,0.19601004464285715,0.0002
121.27,286.18963686,764,223232,291,109,0.46611833572387695,0.9322876334190369,0.2,0.019709365,731,0.9997197985649109,-0.041828238385555855,-39.09025425021931,1.2792699084443562,0.20153601694915255,0.0002
121.42,286.71008258,764,225280,294,110,0.9678210020065308,0.9309819936752319,0.2,0.021406442,738,0.9994842410087585,-0.05210503182704691,-39.03189505817734,2.2538823031376456,0.24277161214953272,0.0002
121.73,287.06772900000004,765,227328,297,111,0.5631679892539978,0.9300239682197571,0.2,0.022699788,742,0.9996835589408875,-0.04147895288446711,-38.99862137547246,1.3978138869559322,0.2052951388888889,0.0002
121.73,287.34319491,765,229376,299,112,0.7538227438926697,0.9290504455566406,0.2,0.02143485,748,0.9996676445007324,-0.05093766940313629,-38.961657945499866,1.4347170851258344,0.22956031976744187,0.0002
121.84,288.08727798999996,765,231424,302,113,0.2711733281612396,0.9283336400985718,0.2,0.022136802,753,0.9997226595878601,-0.046894177806320464,-38.94178599460869,1.14962845850902,0.24263535031847133,0.0002
121.95,288.8329907600001,766,233472,304,114,0.6481579542160034,0.9271509051322937,0.2,0.018844072,757,0.999714732170105,-0.03817981404564256,-38.91070794159511,1.2081763187669359,0.20253537735849056,0.0002
121.88,289.59236244,766,235520,307,115,0.36932945251464844,0.9266629219055176,0.2,0.01999107,761,0.9997295141220093,-0.03605065263579028,-38.88182817425644,1.2921738201066066,0.19078947368421054,0.0002
122.0,290.04360135999997,767,237568,309,116,0.4108890891075134,0.9264119863510132,0.2,0.025253031,767,0.9997209310531616,-0.04567486833825353,-38.868212041400724,1.290453240984962,0.22014508928571427,0.0002
121.92,290.73323686000003,767,239616,312,117,0.5199689269065857,0.9256752729415894,0.2,0.021402145,772,0.9996341466903687,-0.046309735711201346,-38.85318080428379,1.6959637465819815,0.2397875816993464,0.0002
122.43,291.65237550999996,767,241664,314,118,0.46728459000587463,0.9242983460426331,0.2,0.026094975,778,0.9997203946113586,-0.046552855663648446,-38.81739405100931,1.2257588868012685,0.26057260479041916,0.0002
122.7,292.11379560999995,767,243712,317,119,0.5007941722869873,0.9241909384727478,0.2,0.026577022,784,0.9996185898780823,-0.050844998081663144,-38.79596364056623,1.5727876259220972,0.2387152777777778,0.0002
122.96,292.68157917,767,245760,320,120,0.7795327305793762,0.9238497614860535,0.2,0.02417867,791,0.9996801614761353,-0.05074530101348808,-38.792553232676944,1.5300356917713411,0.22862251243781095,0.0002
123.1,293.35660628,768,247808,322,121,0.7462853193283081,0.9223958253860474,0.2,0.020382496,796,0.9996945858001709,-0.04144166343563407,-38.752100984815144,1.439792211206866,0.19080105633802816,0.0002
123.41,294.27215552,768,249856,325,122,0.4873695373535156,0.9220486283302307,0.2,0.018851204,800,0.9996618628501892,-0.03905709268897772,-38.72463973999024,1.5245766291618348,0.192375,0.0002
123.82,295.02041382,769,251904,327,123,0.54746413230896,0.9214476943016052,0.2,0.024355633,805,0.9997063875198364,-0.045441465703838495,-38.70908227628165,1.3717444356340562,0.23312043795620438,0.0002
123.74,295.03727104999996,769,253952,330,124,0.7005164623260498,0.9215574860572815,0.2,0.0193077,809,0.9996337890625,-0.03562853890700174,-38.70052853568656,1.8265639309023247,0.2041495901639344,0.0002
123.9,295.93451135,769,256000,332,125,0.5279010534286499,0.9213896989822388,0.2,0.024863254,815,0.9997043013572693,-0.050324670338665535,-38.70493947971634,1.2952898528143677,0.23976608187134502,0.0002
124.01,296.40984428999997,770,258048,335,126,0.4326557517051697,0.9212338924407959,0.2,0.021124609,819,0.9997108578681946,-0.037521521962427216,-38.69344217842872,1.39618688274961,0.19939793577981652,0.0002
124.31,296.80040674,770,260096,337,127,0.4708048105239868,0.9206200838088989,0.2,0.023201052,825,0.9997473955154419,-0.05096580888564903,-38.67764228727759,1.1969733837901093,0.24171112804878048,0.0002
124.42,297.05197158,770,262144,340,128,0.6345375776290894,0.919408917427063,0.2,0.021848435,829,0.9996979236602783,-0.03325097248801645,-38.651755998719416,1.471414513745398,0.1811615566037736,0.0002
124.6,297.75996991,771,264192,342,129,0.47018134593963623,0.9184385538101196,0.2,0.028466797,834,0.999722421169281,-0.04654551928024028,-38.61080099790151,1.2929069408933624,0.23568702290076335,0.0002
124.88,298.58873526,771,266240,345,130,0.4734683632850647,0.9178888201713562,0.2,0.022149868,838,0.9997366666793823,-0.030053081929148868,-38.58979718047794,1.357094363410874,0.16027227722772278,0.0002
124.78,298.492477,771,268288,347,131,0.3593837022781372,0.9176613092422485,0.2,0.022914292,844,0.999747097492218,-0.05206241283255319,-38.575251219007704,1.1827538950575722,0.25286458333333334,0.0002
124.83,299.17352139999997,772,270336,349,132,0.7070251107215881,0.9172369241714478,0.2,0.023606569,848,0.9997267723083496,-0.03186047676544968,-38.56920975033599,1.147107711522886,0.17728960396039603,0.0002
124.83,299.56319722,773,272384,352,133,0.5622453689575195,0.9162143468856812,0.2,0.021620192,852,0.9996930956840515,-0.03593093992997732,-38.543839816389415,1.4099289641298096,0.1974676724137931,0.0002
124.8,299.83852246,773,274432,354,134,0.9948223829269409,0.9140669107437134,0.2,0.023027413,859,0.9996357560157776,-0.05776909284491075,-38.48178545340964,1.7171574674443715,0.24589573732718895,0.0002
124.78,300.10775644,773,276480,357,135,0.34346264600753784,0.9131900668144226,0.2,0.024604099,865,0.9997449517250061,-0.0493943905010609,-38.43791800030207,1.1622356735380357,0.24046610169491525,0.0002
124.77,300.44964899,773,278528,359,136,0.8792679905891418,0.9131610989570618,0.2,0.021798577,869,0.9997267127037048,-0.03949118216104548,-38.42617626847892,1.3635815274098824,0.20905172413793102,0.0002
124.8,301.43371533000004,774,280576,362,137,0.38185274600982666,0.9126232266426086,0.2,0.025777597,874,0.9997016191482544,-0.04152884704914565,-38.41636045051344,1.4492216697244933,0.21756628787878787,0.0002
124.86,301.90049186,774,282624,364,138,0.5966830849647522,0.9123910665512085,0.2,0.02335553,879,0.9997193217277527,-0.048615201536542293,-38.40756383519264,1.2452127770253807,0.24462579617834396,0.0002
124.91,302.53792144,774,284672,367,139,0.4629799723625183,0.9114833474159241,0.2,0.032372087,885,0.9996809363365173,-0.04762726126134581,-38.385827271834664,1.2831756294884296,0.2296195652173913,0.0002
125.13,303.71021493000006,774,286720,370,140,0.39303725957870483,0.91142737865448,0.2,0.02238698,890,0.9996790885925293,-0.043464166437269455,-38.374585964535704,1.457448698530261,0.23070469798657717,0.0002
125.19,304.84202854,775,288768,372,141,0.522777795791626,0.9101988673210144,0.2,0.022713255,895,0.9997210502624512,-0.040566067938043765,-38.34852204178319,1.2854696155497523,0.21815814393939395,0.0002
125.35,305.28147666999996,775,290816,374,142,0.43287181854248047,0.9082446098327637,0.2,0.021971092,900,0.9997572302818298,-0.046383529821851927,-38.29700359545256,0.9942230292056736,0.24660773026315788,0.0002
125.49,305.79605711,775,292864,377,143,0.45465534925460815,0.9073156118392944,0.2,0.023645584,905,0.9997534155845642,-0.04446424768280445,-38.251354138056435,1.2059941320783563,0.2458767361111111,0.0002
125.64,306.22848095,775,294912,380,144,0.563379168510437,0.907122015953064,0.2,0.024163496,910,0.9997814297676086,-0.044502258481871754,-38.23046673668755,1.0286162023742993,0.24815538194444445,0.0002
125.72,307.01097278,775,296960,382,145,0.6980855464935303,0.9060397148132324,0.2,0.023750702,918,0.9996352791786194,-0.05709421757372126,-38.20728725857205,1.5204680573845666,0.26643105158730157,0.0002
125.66,307.32167984000006,775,299008,385,146,0.3850099444389343,0.9052470922470093,0.2,0.02694045,925,0.9997274279594421,-0.052352913084065485,-38.176284180474035,1.2221073225601433,0.2544297680412371,0.0002
125.52,307.2165012699999,775,301056,388,147,0.5668405294418335,0.9036967754364014,0.2,0.027910091,931,0.999711811542511,-0.04746899098721275,-38.13473748572079,1.4257822022025968,0.23630401234567902,0.0002
125.43,307.42818364000004,775,303104,390,148,0.3930897116661072,0.9027150273323059,0.2,0.024832495,935,0.9997969269752502,-0.037349978739467375,-38.09758076300988,1.0750829216379385,0.21754807692307693,0.0002
125.44,307.51229652999996,776,305152,392,149,0.5634781718254089,0.9020870923995972,0.2,0.02034822,937,0.9997805953025818,-0.019131263152563145,-38.068755694798064,1.1214693316391535,0.15792410714285715,0.0002
125.24,307.46472032,777,307200,395,150,0.5178455114364624,0.9017638564109802,0.2,0.021267103,942,0.9997143149375916,-0.044171823236730794,-38.05393356815461,1.3478556698368442,0.23860887096774194,0.0002
125.24,307.52899583,777,309248,397,151,0.6702894568443298,0.9019765257835388,0.2,0.021834983,946,0.9997448325157166,-0.04097818145455103,-38.05047607421875,1.273637173682686,0.22736220472440946,0.0002
125.16,307.81390458000004,777,311296,400,152,0.5296450853347778,0.9013593792915344,0.2,0.02275895,951,0.9997135996818542,-0.04361612317246079,-38.042047282993394,1.3543755812132918,0.22504194630872484,0.0002
125.19,307.93679808999997,777,313344,402,153,0.5275329947471619,0.9005565643310547,0.2,0.022080284,956,0.9997440576553345,-0.04652222954609897,-38.01712644100189,1.3639034688472749,0.25517578125,0.0002
125.26,308.43627642,777,315392,405,154,0.5562676191329956,0.8991771340370178,0.2,0.022102252,962,0.9997349381446838,-0.05098087470772681,-37.981302862009294,1.2848205925351348,0.2581146408839779,0.0002
125.12,309.03319513,778,317440,407,155,0.5664958953857422,0.8974775075912476,0.2,0.020318193,966,0.9997872114181519,-0.03840602130242964,-37.927053808196774,1.1111969569834268,0.2066819105691057,0.0002
125.25,309.58033968,778,319488,410,156,0.44353389739990234,0.8965681791305542,0.2,0.023471143,970,0.9998193979263306,-0.03379903910330163,-37.88316708690715,0.9382689685191749,0.19885023584905662,0.0002
125.19,309.78968192,779,321536,412,157,0.28302448987960815,0.8960015773773193,0.2,0.019232983,974,0.9997798800468445,-0.03327738700641526,-37.85489668669524,1.1592834073084373,0.18648726851851852,0.0002
125.38,310.33157112,778,323584,415,158,0.39084652066230774,0.8952715396881104,0.2,0.030159388,980,0.9997416734695435,-0.04554967386705905,-37.83724520665518,1.3116795191113253,0.23185170807453417,0.0002
125.53,310.79564947,778,325632,418,159,0.5397056341171265,0.894493043422699,0.2,0.022193786,986,0.999686598777771,-0.049591979360474006,-37.81065179007394,1.566092564378466,0.23785714285714285,0.0002
125.64,311.12949623000003,779,327680,420,160,0.38181790709495544,0.8937426209449768,0.2,0.021735478,990,0.9997422099113464,-0.03568856993786477,-37.77880668640137,1.2071371916039237,0.20972521551724138,0.0002
125.54,311.47104457,779,329728,422,161,0.6023968458175659,0.8930277824401855,0.2,0.0259882,995,0.9997164607048035,-0.040753006052087856,-37.75868527447736,1.4376768368261832,0.21342592592592594,0.0002
125.63,312.12544926000004,780,331776,425,162,0.26266154646873474,0.8923826813697815,0.2,0.021510208,998,0.99982750415802,-0.03026997062900081,-37.73566129730969,0.9166945269921931,0.21398628048780488,0.0002
125.51,312.63392301,780,333824,427,163,0.316166490316391,0.8913675546646118,0.2,0.022020338,1003,0.9997976422309875,-0.04168911905153029,-37.706147350482084,1.0111551144674642,0.2337919776119403,0.0002
125.36,312.99832018999996,780,335872,430,164,0.3401522934436798,0.8912956714630127,0.2,0.02103642,1007,0.9998037815093994,-0.0358525243063923,-37.68696199144636,1.0027366232659136,0.18931361607142858,0.0002
125.23,313.21525986,781,337920,432,165,0.37308502197265625,0.8910139799118042,0.2,0.01610013,1009,0.9998147487640381,-0.009232343884096259,-37.68543742951893,1.066564923241025,0.11086309523809523,0.0002
124.89,313.28801735,781,339968,435,166,0.45901450514793396,0.8900290131568909,0.2,0.02100239,1015,0.9996920228004456,-0.0437376599898831,-37.656453722474204,1.528369355063907,0.2128793352601156,0.0002
124.86,313.32296512,781,342016,437,167,0.2994886636734009,0.8888925909996033,0.2,0.019321054,1018,0.9998158812522888,-0.03196494786583997,-37.62487845725202,1.0603412472187204,0.19597739361702127,0.0002
124.77,313.57755047999996,781,344064,440,168,0.32859349250793457,0.8880971670150757,0.2,0.0331759,1024,0.9997451901435852,-0.04872841286756422,-37.59015136623975,1.2636565888150137,0.2623253105590062,0.0002
124.8,313.47566692,779,346112,444,169,0.5788145661354065,0.8866010904312134,0.2,0.024245918,1030,0.9997346997261047,-0.04615817763591687,-37.55168019368977,1.3557279234874748,0.23568488023952097,0.0002
124.71,313.40821694999994,777,348160,447,170,0.32421767711639404,0.8862350583076477,0.2,0.02440753,1035,0.9997795224189758,-0.04172239389327419,-37.52276908350355,1.1270399430325924,0.24236641221374045,0.0002
124.64,314.04989556000004,776,350208,451,171,0.8511979579925537,0.8852534890174866,0.2,0.020920953,1040,0.9997420907020569,-0.038639928310710406,-37.494265120370045,1.4344437377793449,0.21015625,0.0002
124.72,314.39616868,775,352256,454,172,0.2448473572731018,0.8850209712982178,0.2,0.019329662,1042,0.999851405620575,-0.011024812843812548,-37.48308596403702,0.8228509024433468,0.15455163043478262,0.0002
124.69,314.66896055,773,354304,458,173,0.5136126279830933,0.8848089575767517,0.2,0.020953387,1046,0.9997906684875488,-0.035132838280073235,-37.47146894061376,1.1338754745702895,0.21862599206349206,0.0002
124.64,314.7312247,771,356352,462,174,0.20906218886375427,0.88475102186203,0.2,0.02399084,1052,0.9997961521148682,-0.047301231883466244,-37.46867636957112,0.9646838644199823,0.2505547337278107,0.0002
124.69,315.24912128,768,358400,466,175,0.17425088584423065,0.884222149848938,0.2,0.022755759,1057,0.9997265338897705,-0.03824474657783761,-37.4523407595001,1.4601259148904007,0.20700273722627738,0.0002
124.53,315.28577358,766,360448,470,176,0.4443965554237366,0.8831878900527954,0.2,0.022851892,1062,0.9997531175613403,-0.03543487879814523,-37.431793328487515,1.2887018950599614,0.19981060606060605,0.0002
124.4,314.90232823,765,362496,473,177,0.38156425952911377,0.8829331398010254,0.2,0.022245657,1068,0.9997463822364807,-0.047835040759916105,-37.40696541468302,1.3535050606975954,0.2598470052083333,0.0002
124.31,315.0648425,763,364544,477,178,0.3005353510379791,0.8813838958740234,0.2,0.021999262,1073,0.9997708201408386,-0.044736030245465894,-37.36960636485707,1.1608041656481756,0.252536525974026,0.0002
124.4,315.56265419000005,762,366592,480,179,0.2843130826950073,0.8800164461135864,0.2,0.025438884,1079,0.9997715353965759,-0.046611040249905165,-37.32029955246869,1.188219904198366,0.26121323529411766,0.0002
124.56,315.9572655,761,368640,484,180,0.26533243060112,0.8796210885047913,0.2,0.023801617,1084,0.999828577041626,-0.04173875931198435,-37.294725866878736,0.9307875269476105,0.23885569852941177,0.0002
124.61,316.39090432999996,759,370688,487,181,0.22279570996761322,0.8788533210754395,0.2,0.02260043,1089,0.9998156428337097,-0.043264243758187215,-37.278064543625405,0.9863975644111633,0.2504310344827586,0.0002
124.72,317.10569516,758,372736,491,182,0.3901903033256531,0.878411591053009,0.2,0.02360687,1095,0.9997705221176147,-0.04774559816094429,-37.259538543358275,1.2445994501703241,0.24385533707865167,0.0002
125.08,317.80142273,757,374784,494,183,0.2980952560901642,0.8779226541519165,0.2,0.02170148,1099,0.9997966289520264,-0.03316693088574404,-37.243431444521306,1.0981873936123319,0.21686921296296297,0.0002
125.13,318.05058155,758,376832,497,184,0.6305204033851624,0.8775995373725891,0.2,0.033349864,1101,0.9998087286949158,-0.002323816488073631,-37.22532353256688,1.1020688848061995,0.08712121212121213,0.0002
124.98,318.17067822999996,758,378880,499,185,0.23182684183120728,0.875874400138855,0.2,0.024006747,1107,0.999824583530426,-0.05042910182525992,-37.188884202328474,0.8807877801650064,0.26850558659217877,0.0002
124.91,318.50043631000005,758,380928,501,186,0.6875338554382324,0.8757486939430237,0.2,0.01945104,1110,0.9998302459716797,-0.020165313444276516,-37.15567681596086,0.9712922166328173,0.16427364864864866,0.0002
124.96,318.78646955999994,759,382976,504,187,0.4007469415664673,0.875388503074646,0.2,0.01847913,1113,0.9998222589492798,-0.0306246276985813,-37.14744752317994,1.000895965230334,0.21806318681318682,0.0002
125.12,319.07766653000004,759,385024,506,188,0.28464895486831665,0.8735277056694031,0.2,0.023083322,1118,0.9998429417610168,-0.041132639836648416,-37.11131978528253,0.8535616648608241,0.2339439655172414,0.0002
124.98,319.31109295,760,387072,509,189,0.18224874138832092,0.8736096024513245,0.2,0.020376353,1121,0.9998672008514404,-0.02571626206222193,-37.080340468365215,0.7265551556711611,0.19072690217391305,0.0002
125.31,320.13099018,760,389120,511,190,0.5275757312774658,0.8734320998191833,0.2,0.0169709,1123,0.9998530149459839,-0.012397303891537542,-37.07988686995073,0.8798162341117859,0.13245738636363635,0.0002
125.38,320.14034431,761,391168,513,191,0.6454024910926819,0.8733108639717102,0.2,0.024949586,1126,0.9998486638069153,-0.01962457927388709,-37.06940329252784,0.8917892899975848,0.18097014925373134,0.0002
125.43,320.52664294,761,393216,516,192,0.4577939212322235,0.8724828362464905,0.2,0.021762399,1133,0.9996886253356934,-0.046604692381584926,-37.05754612513951,1.7143023113409679,0.2304315476190476,0.0002
125.44,320.7964484799999,762,395264,518,193,0.27942386269569397,0.8726145029067993,0.2,0.022022538,1138,0.999840497970581,-0.037384179141372445,-37.04346705845424,0.8364836341568402,0.22310267857142857,0.0002
125.36,320.80493643000005,762,397312,520,194,0.5018007159233093,0.8729766607284546,0.2,0.017919755,1141,0.9998199939727783,-0.028731004324971988,-37.0524656234249,1.0330124103253888,0.17338709677419356,0.0002
125.52,321.13746868,762,399360,523,195,0.3004726469516754,0.8729681968688965,0.2,0.024246316,1146,0.9998636245727539,-0.04406524857284723,-37.0554268043358,0.7396051971228806,0.25906905594405594,0.0002
125.51,321.16399982999997,763,401408,525,196,0.23795202374458313,0.8729566931724548,0.2,0.020967616,1150,0.9998492002487183,-0.03477615826344545,-37.04937541156734,0.8296304777127887,0.21573967889908258,0.0002
125.68,321.64528885999994,763,403456,528,197,0.28478318452835083,0.8726107478141785,0.2,0.019414974,1154,0.9998263716697693,-0.03704678080242684,-37.04415307833454,0.8754361947690408,0.22527066929133857,0.0002
125.74,321.93757569,764,405504,530,198,0.27822455763816833,0.8715263605117798,0.2,0.023327593,1159,0.9998539090156555,-0.04152148734202557,-37.019248988893295,0.7699802588257525,0.2368706597222222,0.0002
125.76,321.75318163,764,407552,533,199,0.7608305215835571,0.8709464073181152,0.2,0.024132648,1166,0.999788224697113,-0.053837369314688084,-36.99305682712131,1.0949371843426317,0.26142939814814814,0.0002
125.83,321.86585522999997,764,409600,535,200,0.3052569627761841,0.8703420162200928,0.2,0.026883675,1172,0.9997575283050537,-0.04150723183044681,-36.97190251762484,1.2823301023907132,0.22173996913580246,0.0002
125.72,321.73897862,764,411648,538,201,0.24015651643276215,0.8687676787376404,0.2,0.02301686,1176,0.999864399433136,-0.04000293286129211,-36.92785685857137,0.7455198069413503,0.22526041666666666,0.0002
125.59,321.97227580000003,765,413696,540,202,0.3244045376777649,0.8685594201087952,0.2,0.03340008,1180,0.9998201727867126,-0.025657325829427268,-36.8994887440475,0.9855401804766704,0.17847938144329897,0.0002
125.63,322.24196730000006,765,415744,543,203,0.2749955654144287,0.8673463463783264,0.2,0.021552032,1184,0.9998410940170288,-0.03740364970266819,-36.8753024597168,0.7974196348190308,0.2365,0.0002
125.54,322.65263644999993,765,417792,545,204,0.31100350618362427,0.8667176365852356,0.2,0.022562504,1188,0.9998388290405273,-0.04055976254832266,-36.84358903339931,0.9367657585867813,0.23995535714285715,0.0002
125.53,323.08430863,766,419840,547,205,0.30468523502349854,0.8667550086975098,0.2,0.023531495,1191,0.9998786449432373,-0.023436680842768138,-36.83123419318401,0.6430495675180999,0.18860035211267606,0.0002
125.54,323.59434458,767,421888,550,206,0.30798596143722534,0.8658356070518494,0.2,0.022129755,1194,0.9998524785041809,-0.02408931016738356,-36.81863731061909,0.8496932131303868,0.2092869718309859,0.0002
125.53,323.92342114999997,767,423936,552,207,0.2852788269519806,0.8644678592681885,0.2,0.024432063,1200,0.9998136758804321,-0.04510789374379735,-36.7726100676241,0.9733753047491375,0.25319809941520466,0.0002
125.66,324.1755132,767,425984,554,208,0.19813862442970276,0.8639805912971497,0.2,0.033072945,1204,0.9998215436935425,-0.027286752804000045,-36.744874266005056,0.966020463668194,0.19136597938144329,0.0002
125.46,324.00527356999993,767,428032,557,209,0.41370999813079834,0.8638073205947876,0.2,0.02020503,1208,0.9998045563697815,-0.03975623416772578,-36.73517572879791,0.9562979433685541,0.227294921875,0.0002
125.35,323.95345163,768,430080,559,210,0.24186548590660095,0.8636807203292847,0.2,0.021741895,1211,0.9998423457145691,-0.0315864271013647,-36.73372543499034,0.7810327628607391,0.23891129032258066,0.0002
125.4,324.08536064,768,432128,562,211,0.1980631947517395,0.8634801506996155,0.2,0.023129845,1215,0.9998316764831543,-0.03709073987502222,-36.72678450112031,0.951485943292903,0.21582943925233644,0.0002
125.26,323.45753086999997,768,434176,564,212,0.10464108735322952,0.8634095191955566,0.2,0.024918161,1219,0.9998646378517151,-0.034815678876699306,-36.71834285442646,0.7556639660436374,0.23137019230769232,0.0002
125.14,323.75650408999996,769,436224,567,213,0.39578869938850403,0.8621853590011597,0.2,0.025289817,1223,0.9998376965522766,-0.04000219662863193,-36.69638556140964,0.9301369033627591,0.23821504237288135,0.0002
125.09,323.92603583000005,769,438272,569,214,0.35775768756866455,0.861706018447876,0.2,0.02210796,1225,0.999860405921936,-0.015671162188730457,-36.66635391928933,0.8215163458477367,0.13494318181818182,0.0002
125.19,323.95100427,769,440320,571,215,0.11254648864269257,0.8611838221549988,0.2,0.026675787,1231,0.9998754858970642,-0.045679628377689456,-36.64940387446706,0.660253850061719,0.25933689024390244,0.0002
125.48,324.34834785000004,769,442368,574,216,0.324710875749588,0.86055988073349,0.2,0.025078066,1238,0.9997810125350952,-0.048345815443108085,-36.622994577943395,1.0597393374724928,0.2566194581280788,0.0002
125.72,324.76066321999997,769,444416,577,217,0.09782612323760986,0.859110951423645,0.2,0.021929394,1243,0.9998582005500793,-0.041855417935746826,-36.59074383311801,0.7569691958940692,0.2409939236111111,0.0002
125.91,325.29890804,770,446464,579,218,0.21836532652378082,0.8581894636154175,0.2,0.028871715,1247,0.9998569488525391,-0.031405880478107266,-36.54402233855893,0.7041320135497083,0.2387941919191919,0.0002
126.06,325.64774487,770,448512,582,219,0.26492834091186523,0.8572627305984497,0.2,0.02407986,1251,0.9998643398284912,-0.03577006390052182,-36.51401617867606,0.7346455256144205,0.22857142857142856,0.0002
126.21,325.64010702,770,450560,584,220,0.26499563455581665,0.8569539785385132,0.2,0.036825523,1253,0.9998606443405151,-0.0007881546449480635,-36.493669683283024,0.8633350639632253,0.08806818181818182,0.0002
126.38,326.14371074,771,452608,586,221,0.13294163346290588,0.8567262887954712,0.2,0.022365687,1257,0.9998561143875122,-0.030819354770595535,-36.479470458685185,0.8401725388625089,0.21875,0.0002
126.53,326.61942536000004,771,454656,589,222,0.39350053668022156,0.8567858338356018,0.2,0.020539198,1260,0.9998725056648254,-0.029648899975939686,-36.483219652290806,0.7701670319200998,0.2059487951807229,0.0002
126.54,326.70205089,771,456704,591,223,0.09809626638889313,0.8563124537467957,0.2,0.024088083,1265,0.9998732209205627,-0.03945945618924365,-36.47047680527417,0.7097223701316919,0.24673507462686567,0.0002
126.72,327.27669251,771,458752,594,224,0.4204927682876587,0.8562331199645996,0.2,0.021532066,1270,0.9998457431793213,-0.0390698465170245,-36.4640481249034,0.859139389485764,0.22841726618705036,0.0002
126.95,327.79487951999994,771,460800,597,225,0.09123457968235016,0.8560125827789307,0.2,0.024761675,1274,0.9998633861541748,-0.03545134445809037,-36.45531827267085,0.6765980508839973,0.22108644859813084,0.0002
127.16,328.32112644,772,462848,599,226,0.22818811237812042,0.8541015386581421,0.2,0.022616113,1278,0.9998404383659363,-0.034471851923518766,-36.42175228312864,0.7919654563321905,0.2167637711864407,0.0002
127.47,328.56540859,772,464896,601,227,0.1420222520828247,0.853682816028595,0.2,0.021076627,1281,0.9998577833175659,-0.026181126831144822,-36.37687864536193,0.7403926097038316,0.20960365853658536,0.0002
127.38,328.5293561200001,772,466944,604,228,0.5214641094207764,0.853137195110321,0.2,0.022903055,1288,0.9998019933700562,-0.0472730825688255,-36.35856742665247,1.0646222385053101,0.2575348984771574,0.0002
127.59,329.03975543,772,468992,607,229,0.3588502109050751,0.8531040549278259,0.2,0.018736694,1291,0.9998451471328735,-0.026298496749080802,-36.350443609829604,0.9185470150805067,0.19073275862068967,0.0002
127.54,329.36762607000003,772,471040,609,230,0.18880227208137512,0.8524056673049927,0.2,0.024131853,1295,0.9998620748519897,-0.032136444398202,-36.32876735687256,0.7493824815750122,0.21859375,0.0002
127.36,329.29634989,773,473088,611,231,0.10768339037895203,0.8518394231796265,0.2,0.022853721,1298,0.9998694062232971,-0.023820146821536027,-36.30611736743481,0.6523461179299788,0.22483766233766234,0.0002
127.31,329.17878623,773,475136,614,232,0.18327534198760986,0.8514285683631897,0.2,0.023522701,1302,0.9998803734779358,-0.0347321922532641,-36.28807236598088,0.6801057985195746,0.22190504807692307,0.0002
127.31,329.50700026,773,477184,616,233,0.4983023703098297,0.8504928946495056,0.2,0.02290595,1307,0.9998542666435242,-0.03826781562100171,-36.25548337030072,0.8212066267399077,0.23681294326241134,0.0002
127.48,329.76297762,773,479232,619,234,0.37233924865722656,0.8489933609962463,0.2,0.022334566,1314,0.9997867941856384,-0.04755547052870194,-36.211423255779124,1.1537029300298955,0.25484664351851855,0.0002
127.3,329.68737112,773,481280,622,235,0.6102020144462585,0.8487080335617065,0.2,0.02071298,1318,0.9997757077217102,-0.03070266175517204,-36.18228530883789,1.332155438342897,0.20745668316831684,0.0002
127.3,329.88059960000004,773,483328,625,236,0.2724943161010742,0.8483381867408752,0.2,0.02204715,1322,0.999876856803894,-0.0358315302847742,-36.16826736175262,0.7031827115260803,0.22804054054054054,0.0002
127.32,329.68520379,772,485376,628,237,0.30990272760391235,0.8479043841362,0.2,0.017019965,1324,0.9998903274536133,-0.009942567300831163,-36.15425269548283,0.6968842980473541,0.12427325581395349,0.0002
127.26,329.889756,771,487424,631,238,0.5903289318084717,0.8469988107681274,0.2,0.018617533,1328,0.9997590780258179,-0.029773534936386913,-36.1265500386556,1.3475985106967745,0.18288690476190475,0.0002
127.23,329.97158379,771,489472,634,239,0.08362725377082825,0.8470972180366516,0.2,0.023178052,1332,0.9998527765274048,-0.034787397435648695,-36.11573096302068,0.7388475047093686,0.22619742990654207,0.0002
127.18,330.80479500999996,770,491520,638,240,0.23612098395824432,0.8466886281967163,0.2,0.031997588,1336,0.9998457431793213,-0.030205323005613592,-36.11059873128675,0.8203452976094079,0.21778350515463918,0.0002
127.13,330.98838412999993,769,493568,641,241,0.15044084191322327,0.8462127447128296,0.2,0.022841772,1338,0.9999001622200012,-0.0053738848328953835,-36.09383727283013,0.5962554710667308,0.14672256097560976,0.0002
126.91,330.88103427000004,768,495616,644,242,0.21980562806129456,0.8458566069602966,0.2,0.021903308,1343,0.9998270273208618,-0.042247444869166144,-36.073198895705374,0.9253735954039976,0.24208470394736842,0.0002
126.88,331.06416527999994,768,497664,647,243,0.2816539406776428,0.8452115058898926,0.2,0.019371547,1346,0.9998345375061035,-0.025872770902635747,-36.05583195353663,0.9199679376080979,0.17587209302325582,0.0002
126.63,330.87022293,768,499712,650,244,0.17609891295433044,0.8454566597938538,0.2,0.0206733,1350,0.9998534917831421,-0.03724751854706712,-36.05123753908302,0.7639884029616829,0.22780987394957983,0.0002
126.42,330.93151609,768,501760,652,245,0.18615254759788513,0.844819962978363,0.2,0.021164238,1355,0.9998275637626648,-0.040907613826828115,-36.044850573443725,0.9403301509434745,0.23689177852348994,0.0002
