rollout/ep_rew_mean,time/total_timesteps,time/time_elapsed,rollout/ep_len_mean,time/fps,time/iterations,train/value_loss,train/loss,train/learning_rate,train/approx_kl,train/explained_variance,train/policy_gradient_loss,train/n_updates,train/clip_range,train/entropy_loss,train/clip_fraction,train/std
18.183806423076923,2048,1,39.26923076923077,1415,1,,,,,,,,,,,
18.50448554,4096,3,39.4,1078,2,295.16002640724184,128.45310974121094,0.0002,0.02073225,-0.010277867317199707,-0.06971620021940908,10,0.2,-41.13293035030365,0.232177734375,0.9992291927337646
15.037982829999999,6144,6,40.51,989,3,242.92371292114257,114.5750503540039,0.0002,0.019909771,0.07293403148651123,-0.07403251234791242,20,0.2,-41.14730315208435,0.233349609375,1.0001260042190552
10.75785693,8192,8,40.27,966,4,161.20732200145721,77.88063049316406,0.0002,0.019760549,0.1974121332168579,-0.07503437284613028,30,0.2,-41.141165256500244,0.222216796875,0.9993945956230164
10.9375037,10240,10,40.31,944,5,175.6426194190979,78.8783950805664,0.0002,0.017577767,0.25341349840164185,-0.06826667464920319,40,0.2,-41.12212024927139,0.183837890625,0.9989275932312012
17.04697819,12288,13,41.77,940,6,132.48969147205352,51.497413635253906,0.0002,0.01785013,0.40037304162979126,-0.06823655108455569,50,0.2,-41.111353397369385,0.190625,0.9986423254013062
21.91125532,14336,15,41.24,932,7,165.95513157844545,78.95258331298828,0.0002,0.0172007,0.37720054388046265,-0.06675160408049123,60,0.2,-41.133998012542726,0.1650390625,0.9999849796295166
21.69203645,16384,17,41.03,926,8,153.54960451126098,68.83133697509766,0.0002,0.016905071,0.45902132987976074,-0.06571630724065472,70,0.2,-41.15279585123062,0.17275390625,1.0001295804977417
22.83150879,18432,19,43.14,924,9,148.82463386058808,60.07167053222656,0.0002,0.016767241,0.4703308343887329,-0.06660594742570539,80,0.2,-41.1424427986145,0.17001953125,0.9994673132896423
26.265569879999997,20480,22,43.8,923,10,174.37605719566346,67.66000366210938,0.0002,0.016176078,0.45476919412612915,-0.06579691212900798,90,0.2,-41.12623553276062,0.15986328125,0.999061644077301
27.687589340000002,22528,24,43.34,919,11,130.59599707126617,55.90395736694336,0.0002,0.020041253,0.6076375246047974,-0.07338576458860188,100,0.2,-41.13185877799988,0.218798828125,0.9998244643211365
30.081724610000002,24576,26,43.01,916,12,164.1465086698532,47.618961334228516,0.0002,0.017578019,0.49156850576400757,-0.06743269026337657,110,0.2,-41.13870410919189,0.18505859375,0.9994459748268127
29.108298270000006,26624,29,43.4,914,13,175.8371574640274,77.6907730102539,0.0002,0.018264104,0.5400773882865906,-0.07060551618778846,120,0.2,-41.14569458961487,0.192626953125,1.0002371072769165
32.863173100000004,28672,31,44.04,909,14,117.85469343662263,54.62047576904297,0.0002,0.02039911,0.6696153283119202,-0.07593921386578587,130,0.2,-41.13341530561447,0.22744140625,0.9989686608314514
33.34725449,30720,33,43.38,904,15,179.63972442150117,71.39997863769531,0.0002,0.018699259,0.5774815082550049,-0.07192980781546794,140,0.2,-41.11577172279358,0.202734375,0.9988766312599182
29.148055929999995,32768,37,43.66,870,16,159.6499674320221,74.88834381103516,0.0002,0.020401403,0.5720109939575195,-0.07391853941080626,150,0.2,-41.084813916683196,0.21572265625,0.9974532723426819
32.95473106,34816,40,44.33,852,17,131.33927900791167,48.36153793334961,0.0002,0.021542944,0.6117126941680908,-0.07940271035477053,160,0.2,-41.06553061008454,0.245458984375,0.9968947768211365
34.68989224,36864,43,45.26,842,18,138.29379034042358,47.751712799072266,0.0002,0.02178463,0.6222007870674133,-0.08048024390882347,170,0.2,-41.06973159313202,0.257568359375,0.9976035356521606
40.74906967,38912,46,46.4,837,19,145.84797634422557,77.62428283691406,0.0002,0.022250762,0.6042292714118958,-0.07317023513817876,179,0.2,-41.06910304243237,0.22124767657992564,0.9973145127296448
37.43109963,40960,49,44.96,832,20,137.81350778695494,64.3622817993164,0.0002,0.022991225,0.6044274568557739,-0.07882282178634747,189,0.2,-41.04015380810625,0.2582867412140575,0.9959965348243713
39.56005663,43008,51,45.16,833,21,175.2645735825508,81.33775329589844,0.0002,0.02280109,0.5715081691741943,-0.07678276352796479,198,0.2,-41.00255658024147,0.24633007117437722,0.9945171475410461
44.16206134000001,45056,54,45.48,832,22,200.94648587703705,95.66624450683594,0.0002,0.023328986,0.5556402206420898,-0.08324031972151716,208,0.2,-40.947705078125,0.27578125,0.9923807382583618
46.346041570000004,47104,56,47.14,835,23,149.0291881238,73.16865539550781,0.0002,0.022181297,0.6126495599746704,-0.07186224731079982,216,0.2,-40.92473312959833,0.22186175847457626,0.9925974011421204
47.20858992,49152,58,47.37,838,24,175.70934176596867,64.85935974121094,0.0002,0.023251574,0.5808759331703186,-0.07923718434343245,226,0.2,-40.89021421541833,0.25930533439490444,0.9908023476600647
50.917607229999994,51200,60,50.1,841,25,153.1879111367303,66.98146057128906,0.0002,0.023118293,0.6370742321014404,-0.07926720453935952,236,0.2,-40.86798318656715,0.24862753378378377,0.990341305732727
49.223638449999996,53248,63,48.9,844,26,199.36431719893116,98.84720611572266,0.0002,0.023410335,0.6340752840042114,-0.07427745343627945,244,0.2,-40.858493740275755,0.2291445974576271,0.9900599718093872
45.396900479999985,55296,65,47.26,846,27,176.5024602036727,84.4290542602539,0.0002,0.0229399,0.631795346736908,-0.08144787087803707,254,0.2,-40.8710394533057,0.2578125,0.9908114671707153
44.11238614,57344,67,47.24,850,28,161.82591311378624,60.250022888183594,0.0002,0.02449398,0.6351379156112671,-0.07701558082899214,263,0.2,-40.85448172971776,0.24970294676806085,0.9897843599319458
43.87448253,59392,69,49.12,852,29,157.84880703517368,42.81911849975586,0.0002,0.02277168,0.6008341312408447,-0.07830693414601098,272,0.2,-40.83188931601388,0.24972098214285715,0.9892331957817078
44.26996024000001,61440,71,50.47,853,30,165.21284648149216,71.93008422851562,0.0002,0.023577567,0.5970618724822998,-0.0804410027236956,281,0.2,-40.8143257056655,0.2584755535055351,0.9883686304092407
46.796744209999986,63488,74,50.89,857,31,183.5539020521069,77.32396697998047,0.0002,0.02194874,0.6442639827728271,-0.07352955737130135,288,0.2,-40.79344244564281,0.22730486425339366,0.988070547580719
55.42575503999999,65536,76,51.5,860,32,231.4732476113665,106.97028350830078,0.0002,0.024151219,0.56103515625,-0.06980587561984901,296,0.2,-40.79389147362855,0.21588427947598254,0.9881661534309387
53.3066536,67584,78,50.56,864,33,189.6416860961914,69.73269653320312,0.0002,0.030727597,0.662341833114624,-0.07198484373589356,304,0.2,-40.78600123087565,0.22708333333333333,0.9879658818244934
57.33309381,69632,80,51.52,866,34,212.10993488263884,102.98352813720703,0.0002,0.024486622,0.6615452766418457,-0.07834932725159569,312,0.2,-40.78654778452598,0.26052562761506276,0.9878373742103577
57.225096750000006,71680,82,51.09,867,35,178.58684554523484,65.60790252685547,0.0002,0.024814079,0.6905244588851929,-0.07756461855383684,321,0.2,-40.781879483963074,0.24251930501930502,0.9873948097229004
57.08584962999999,73728,84,51.05,871,36,162.03999866725167,71.20506286621094,0.0002,0.022182055,0.6971203088760376,-0.07193530901168711,328,0.2,-40.77422048964938,0.22018417874396135,0.9875119924545288
55.92295236,75776,86,52.99,873,37,156.4433807561427,53.34488296508789,0.0002,0.023912486,0.713970422744751,-0.07686980195351159,336,0.2,-40.77528814621913,0.24678497942386832,0.987669825553894
59.45851247999999,77824,88,54.28,875,38,172.54533264392228,80.05943298339844,0.0002,0.025904063,0.6721086502075195,-0.07845565328239941,345,0.2,-40.775045750259,0.25968393536121676,0.9877452254295349
61.795960140000005,79872,91,55.81,876,39,185.31228348788093,93.14558410644531,0.0002,0.025852617,0.6814926266670227,-0.08370728408301469,354,0.2,-40.76838306819691,0.27883731617647056,0.9872844219207764
65.95365617000002,81920,93,54.09,877,40,181.98791333400843,81.45201110839844,0.0002,0.02490403,0.6948226094245911,-0.08021527208267909,363,0.2,-40.770008506196916,0.2568063446969697,0.9874246716499329
69.69289468000001,83968,95,53.28,879,41,197.79093421300252,81.5992660522461,0.0002,0.024558904,0.6963405609130859,-0.07685319549636915,371,0.2,-40.767807483673096,0.2388671875,0.9874885678291321
69.75589372,86016,97,53.33,881,42,198.5525220662606,81.8631362915039,0.0002,0.022825522,0.6716300249099731,-0.07791079149949325,379,0.2,-40.786059579929386,0.25131302521008403,0.9883992671966553
68.23553869000001,88064,99,53.76,883,43,217.7151261708622,103.09486389160156,0.0002,0.025539499,0.6861514449119568,-0.07328525628064918,387,0.2,-40.789979210066484,0.22666484716157206,0.9878732562065125
73.89492721999999,90112,101,55.76,885,44,206.4264902658592,104.83464050292969,0.0002,0.021384612,0.7011724710464478,-0.07316196132324872,394,0.2,-40.76238419890943,0.22461821266968326,0.9866084456443787
77.37030596000001,92160,103,54.71,887,45,196.97896528244019,77.52272033691406,0.0002,0.022928651,0.7585073709487915,-0.07224465297902218,401,0.2,-40.728854802938606,0.22528545673076922,0.9858387112617493
76.32697834000001,94208,105,54.11,890,46,190.99361520655015,77.46587371826172,0.0002,0.02250357,0.708827018737793,-0.07168127804328048,408,0.2,-40.69871111477123,0.22579656862745098,0.9846088290214539
79.7358374,96256,107,54.03,892,47,165.5740038917178,80.90092468261719,0.0002,0.023696179,0.7678689956665039,-0.07350050340007458,415,0.2,-40.66741320292155,0.23839285714285716,0.9836170077323914
86.90974207,98304,110,54.93,892,48,219.57215658823648,115.06895446777344,0.0002,0.022836298,0.7389625310897827,-0.07873910194382805,424,0.2,-40.65349737803141,0.255859375,0.9836261868476868
92.33540164,100352,112,55.68,893,49,193.80248859500097,103.0947494506836,0.0002,0.02479904,0.777940034866333,-0.07842689950003727,432,0.2,-40.648689711389466,0.26323605371900827,0.9831861853599548
89.74803605000001,102400,114,56.6,895,50,184.28632228630633,69.61282348632812,0.0002,0.025170207,0.7630822658538818,-0.0789545971807862,440,0.2,-40.62276310566043,0.25522985537190085,0.9821251034736633
93.75428776000001,104448,116,56.52,896,51,190.04392913958992,77.16670989990234,0.0002,0.024002492,0.7891448736190796,-0.0758803894953622,447,0.2,-40.605264145108414,0.23703917050691245,0.9817929267883301
94.93911623000002,106496,118,59.47,898,52,194.83284752769808,62.6368522644043,0.0002,0.026962988,0.7825111746788025,-0.07588094307225099,455,0.2,-40.57830211335579,0.24384679203539822,0.9806079268455505
101.79965986,108544,120,60.25,899,53,217.23437359531005,81.8389892578125,0.0002,0.02345619,0.7743039131164551,-0.08071848442307286,464,0.2,-40.55913199414415,0.2559792418772563,0.9801618456840515
105.06588274999999,110592,122,59.37,900,54,215.92022716815654,87.32250213623047,0.0002,0.023102611,0.7718781232833862,-0.07709683266539986,473,0.2,-40.5315817466149,0.23924278846153846,0.979030966758728
110.76736676999997,112640,124,59.08,901,55,210.65097074025238,109.57828521728516,0.0002,0.023210363,0.8094196319580078,-0.07493636606063711,480,0.2,-40.499716007215085,0.24387960829493088,0.978308379650116
107.16023455999999,114688,126,59.14,904,56,168.13409634690788,55.588069915771484,0.0002,0.024452105,0.8561627864837646,-0.07261578454612637,487,0.2,-40.50931543321466,0.2353957286432161,0.9789257645606995
113.17880953000002,116736,129,61.91,904,57,241.06827342753508,74.6625747680664,0.0002,0.022081606,0.7656748294830322,-0.07624790375786168,495,0.2,-40.52193226716956,0.23635204081632652,0.9792395234107971
118.09676899999998,118784,130,62.2,907,58,178.35903435146685,50.66787338256836,0.0002,0.0284594,0.8222591876983643,-0.06931296109279483,502,0.2,-40.496716214209485,0.21359536082474226,0.9780410528182983
115.72695265,120832,133,61.57,908,59,215.73103403490643,76.51133728027344,0.0002,0.023318687,0.8245275020599365,-0.07549561497235541,509,0.2,-40.467584654342296,0.23917151162790698,0.9769896268844604
115.98043816999999,122880,135,60.3,910,60,201.9439554348798,92.34397888183594,0.0002,0.023567438,0.8266110420227051,-0.07473313581513268,516,0.2,-40.45767348025326,0.2400968309859155,0.9773744940757751
118.97454661,124928,136,61.33,912,61,217.0085744857788,122.28985595703125,0.0002,0.015649492,0.8251553773880005,-0.044849713100120425,520,0.2,-40.45280361175537,0.10728236607142858,0.9767382144927979
125.83217166,126976,139,62.14,912,62,188.78432048147943,95.72724151611328,0.0002,0.02589289,0.8492792844772339,-0.0762005682595432,528,0.2,-40.41279795284355,0.25716430131004364,0.9752634167671204
126.82479638,129024,141,63.06,913,63,182.60954694658795,85.07903289794922,0.0002,0.024052931,0.8408514261245728,-0.07397473033595935,535,0.2,-40.391057344240565,0.2356892523364486,0.9749802350997925
119.97201039,131072,143,61.82,913,64,181.5496264371005,53.59891891479492,0.0002,0.023531685,0.8478729128837585,-0.07058505928426077,542,0.2,-40.38454298539595,0.22443181818181818,0.9746882915496826
123.60079602,133120,145,63.46,914,65,200.31635089874268,74.05979919433594,0.0002,0.02391478,0.8419271111488342,-0.07135368752293289,549,0.2,-40.363228950500485,0.221875,0.9738802909851074
129.52393788999998,135168,147,64.04,914,66,178.5824903048002,54.073699951171875,0.0002,0.025925947,0.8446396589279175,-0.07950834701769054,558,0.2,-40.334704809922435,0.2592548076923077,0.9729771614074707
134.52864603999998,137216,149,65.1,916,67,175.93237309123194,100.37910461425781,0.0002,0.023567485,0.8820745348930359,-0.06718261728907914,564,0.2,-40.32220762829448,0.21393531976744187,0.9726918339729309
141.21702799000002,139264,151,64.42,916,68,204.00097667927645,94.22338104248047,0.0002,0.025237657,0.8598554730415344,-0.07486467022562818,571,0.2,-40.32353955872205,0.24720982142857142,0.9730147123336792
142.74699282,141312,153,64.01,917,69,171.34623425505882,69.51689910888672,0.0002,0.02407889,0.8967552185058594,-0.06896801625086038,577,0.2,-40.33727120244226,0.2363735465116279,0.9739282727241516
143.93177118999998,143360,156,65.43,918,70,160.18695011138917,47.54823684692383,0.0002,0.025684375,0.8898391127586365,-0.07504344880115241,584,0.2,-40.33559259414673,0.249453125,0.9727509617805481
143.61631931,145408,158,65.41,917,71,166.57975103990086,66.3285140991211,0.0002,0.026999475,0.8785002827644348,-0.08167061125683897,593,0.2,-40.302624914781106,0.27847877358490564,0.9721577763557434
140.99904359,147456,160,65.92,918,72,184.8290719214906,77.30281066894531,0.0002,0.024918383,0.8738107681274414,-0.07865755183503349,601,0.2,-40.26773270951941,0.2680851063829787,0.9705740809440613
145.43948763,149504,162,66.41,919,73,188.08597858643634,69.22594451904297,0.0002,0.025369754,0.8660750389099121,-0.07672408667647025,609,0.2,-40.24546460568647,0.2472943722943723,0.9699879288673401
148.50126662,151552,164,65.96,920,74,146.91799527499342,70.59800720214844,0.0002,0.033440027,0.9032459259033203,-0.07170343671206365,616,0.2,-40.23129849606845,0.23162240932642486,0.9696837663650513
151.57212572,153600,166,67.06,920,75,192.87597341704787,62.572391510009766,0.0002,0.024646223,0.8600890636444092,-0.07453889400073278,624,0.2,-40.214264150251424,0.2382127192982456,0.9691681861877441
148.03802996000002,155648,168,67.04,922,76,143.51294197354997,62.85636901855469,0.0002,0.025940534,0.9012046456336975,-0.06953440158949456,630,0.2,-40.172226020268035,0.21828497023809523,0.9669924378395081
153.40917467999998,157696,170,68.11,922,77,189.69141099089947,63.87359619140625,0.0002,0.024290174,0.8617178797721863,-0.07706487102725317,638,0.2,-40.139353292959704,0.24196244855967078,0.9666469097137451
155.26522587999997,159744,172,67.97,923,78,172.87921816709812,68.60240936279297,0.0002,0.022426981,0.8893938064575195,-0.0697751376782815,644,0.2,-40.134050904127655,0.2218915343915344,0.9666233062744141
154.95998146999997,161792,175,69.54,924,79,170.7094930457236,78.86013793945312,0.0002,0.028400024,0.901600182056427,-0.08023194609998875,652,0.2,-40.12505702056218,0.28131823144104806,0.9661100506782532
163.17962483999997,163840,177,71.09,924,80,184.83052223178416,48.78277587890625,0.0002,0.02474977,0.8608818650245667,-0.08193189319342481,661,0.2,-40.121552477527764,0.2746330071174377,0.9665147066116333
165.67566123,165888,179,71.63,925,81,174.24116682340312,63.99934768676758,0.0002,0.023720128,0.9023054242134094,-0.07008962952349772,667,0.2,-40.12730657055391,0.22861382681564246,0.9665687084197998
162.89983707000002,167936,181,71.58,926,82,154.00936939069618,59.49853515625,0.0002,0.025235426,0.9007815718650818,-0.08064938188805754,675,0.2,-40.10979316495208,0.27606275303643724,0.9653862714767456
164.98649479,169984,183,71.23,927,83,152.79514272799668,72.53844451904297,0.0002,0.023910174,0.9055792093276978,-0.07193484649315711,681,0.2,-40.063285008775004,0.24321007853403143,0.963596761226654
162.57290159000001,172032,185,70.67,929,84,139.53977728949653,49.10173416137695,0.0002,0.024481174,0.9228540658950806,-0.06283168884822064,686,0.2,-40.040746505172166,0.2025462962962963,0.9639716744422913
169.90714408,174080,187,71.43,930,85,147.53633700900608,48.826961517333984,0.0002,0.03026501,0.9058585166931152,-0.07858246665861872,694,0.2,-40.04582227918837,0.2722222222222222,0.9635497331619263
173.13180811000007,176128,189,71.1,931,86,164.19520273101463,57.71442413330078,0.0002,0.02274305,0.9052858948707581,-0.06892679972061364,700,0.2,-40.027729998813584,0.2263869382022472,0.9630242586135864
171.83195277000002,178176,191,71.28,932,87,176.08919505278269,103.10667419433594,0.0002,0.02342578,0.9066129922866821,-0.0706940415839199,706,0.2,-39.99291207393011,0.23738606770833334,0.9614342451095581
180.03989899000004,180224,193,71.88,932,88,172.96837484990067,52.188568115234375,0.0002,0.024280697,0.8984320759773254,-0.07784738265329676,714,0.2,-39.970562161294175,0.25643776824034337,0.9611273407936096
173.98754315,182272,195,71.13,933,89,183.41570591070712,67.19452667236328,0.0002,0.026016548,0.8988591432571411,-0.06944639611010177,721,0.2,-39.95810059767503,0.21899038461538461,0.9606567025184631
177.70698853000005,184320,197,71.63,935,90,132.80993458447534,52.287208557128906,0.0002,0.024670547,0.92585289478302,-0.06952954126388164,727,0.2,-39.92500450597942,0.22712361878453038,0.9592813849449158
174.11850456,186368,199,70.79,936,91,166.40791751416916,78.63473510742188,0.0002,0.02732251,0.9205194711685181,-0.0648294131791482,733,0.2,-39.91295918657736,0.2054256134969325,0.959470272064209
178.71232412999998,188416,201,72.39,937,92,200.75013426238417,65.362060546875,0.0002,0.022285402,0.8910290598869324,-0.0670718885844062,740,0.2,-39.91620162889069,0.20856311274509803,0.9595615863800049
180.56062339999997,190464,203,74.08,938,93,154.97723784813513,51.67520523071289,0.0002,0.022743497,0.9235468506813049,-0.06513284080817054,745,0.2,-39.91414419809977,0.21935096153846154,0.9595040678977966
179.07129513,192512,204,73.97,939,94,155.9650615387899,61.31632995605469,0.0002,0.026791157,0.9264714121818542,-0.06891535879027076,751,0.2,-39.90941383502235,0.23015720858895705,0.9592610001564026
180.78982319999994,194560,206,75.14,940,95,145.19615644182477,63.635719299316406,0.0002,0.024204336,0.92633056640625,-0.06864414733967611,757,0.2,-39.894576045445035,0.23767857142857143,0.9585776329040527
178.98209752000002,196608,209,74.56,940,96,168.8416392908687,40.11690902709961,0.0002,0.02720147,0.8909211158752441,-0.06998592545484415,765,0.2,-39.89638082116051,0.22213772123893805,0.9590033888816833
182.04502613000005,198656,210,75.76,941,97,143.43735077801873,60.368892669677734,0.0002,0.02243325,0.9239722490310669,-0.06529554492136573,771,0.2,-39.895180735868564,0.21856617647058824,0.9588902592658997
185.68562054999998,200704,212,75.62,943,98,142.19290234749778,69.54402160644531,0.0002,0.02206173,0.940453290939331,-0.05437659862320544,775,0.2,-39.90047230636864,0.1787280701754386,0.9594384431838989
185.4935381,202752,214,75.26,943,99,142.12905163484461,60.01530075073242,0.0002,0.023920696,0.9302074909210205,-0.06596031447543818,781,0.2,-39.89373247483197,0.21286764705882352,0.958398163318634
187.37817919999998,204800,217,76.46,943,100,161.80387181946725,73.55648040771484,0.0002,0.025899187,0.9193179607391357,-0.08050291280784277,790,0.2,-39.86905200553663,0.28083570075757575,0.9579123258590698
182.52063745000004,206848,219,75.46,944,101,157.34972422646834,66.98866271972656,0.0002,0.024386073,0.9198813438415527,-0.07912080170954222,797,0.2,-39.84065321849601,0.26758688340807174,0.9565959572792053
186.21308824,208896,221,77.33,944,102,181.32661266541214,61.5635986328125,0.0002,0.02362146,0.9133048057556152,-0.06661943523370231,803,0.2,-39.81565976946541,0.21120084269662923,0.9563865065574646
190.03592449999996,210944,223,77.05,945,103,153.93410107947344,47.65524673461914,0.0002,0.023202728,0.9226244688034058,-0.06540732468102152,808,0.2,-39.78791240666876,0.21471440397350994,0.9549629092216492
190.48280026999998,212992,224,77.7,947,104,146.97449548620926,47.07785415649414,0.0002,0.022474373,0.9333621859550476,-0.06690602217751898,813,0.2,-39.76037083174053,0.22717927631578946,0.9547897577285767
195.3764825,215040,226,79.43,947,105,138.30301939612403,61.60976791381836,0.0002,0.023737852,0.9344461560249329,-0.06888694091535666,819,0.2,-39.771388436383745,0.23654745989304812,0.9553977251052856
194.48050807000004,217088,228,79.2,948,106,134.15344925682143,44.9042854309082,0.0002,0.026120204,0.9328979253768921,-0.07327356115260189,826,0.2,-39.768532158124565,0.2529393564356436,0.9545267224311829
192.83953617,219136,231,79.98,948,107,145.59570569541833,65.83477020263672,0.0002,0.02479987,0.9311317801475525,-0.07691374995501896,834,0.2,-39.766712467046254,0.25865075107296137,0.9551255702972412
197.72742616999997,221184,233,81.09,948,108,162.56682042302313,70.05156707763672,0.0002,0.024397818,0.9216469526290894,-0.07128011309667616,840,0.2,-39.75939496014569,0.24113175675675674,0.9543025493621826
196.19404985,223232,235,79.87,949,109,162.9997014766786,53.984928131103516,0.0002,0.026803501,0.9331783056259155,-0.06622742916309707,846,0.2,-39.727857496680286,0.22322789634146342,0.953275740146637
195.6291975,225280,237,81.05,949,110,146.90339648966886,67.97183227539062,0.0002,0.027328217,0.9268897771835327,-0.07250382403405953,853,0.2,-39.691687622848825,0.24394132653061223,0.9520700573921204
195.11946021000006,227328,239,81.41,950,111,200.5203007553563,77.7877197265625,0.0002,0.026446253,0.8990126848220825,-0.06361005671435234,859,0.2,-39.68384866425485,0.19839015151515152,0.9524030089378357
196.05637536999998,229376,241,81.98,951,112,142.61512661924456,65.76873016357422,0.0002,0.025182212,0.929301917552948,-0.0711602982142848,866,0.2,-39.67071427449142,0.23654084158415842,0.9517703652381897
197.42001560999998,231424,242,83.32,952,113,151.77362076011863,47.42161178588867,0.0002,0.020944145,0.9354388117790222,-0.060399978906167925,871,0.2,-39.66304866687672,0.18697212837837837,0.9514915943145752
197.28108098999996,233472,244,83.12,953,114,157.07087875101607,70.47955322265625,0.0002,0.023144878,0.9293827414512634,-0.06890086398185419,877,0.2,-39.663686278238465,0.22841401734104047,0.951922595500946
199.17036622,235520,246,83.46,953,115,128.58484477531618,46.672000885009766,0.0002,0.02805126,0.9394758939743042,-0.06967291537751784,883,0.2,-39.655792561973016,0.22580030487804878,0.9513787627220154
198.86189846000002,237568,248,83.59,954,116,158.42713891892205,71.95157623291016,0.0002,0.022558864,0.9323602914810181,-0.06042028339516346,888,0.2,-39.63627855469581,0.195046768707483,0.9506047964096069
200.41186264999996,239616,250,84.46,955,117,112.52759501139323,35.80356216430664,0.0002,0.023218082,0.9476976990699768,-0.0650769759590427,894,0.2,-39.63976278594046,0.20653409090909092,0.9512126445770264
201.74678430999995,241664,252,84.93,956,118,149.68719973422512,64.2206802368164,0.0002,0.024009531,0.9403493404388428,-0.046958000708076326,898,0.2,-39.64956612162071,0.1454207920792079,0.9515964984893799
202.12358548999998,243712,254,84.43,958,119,156.65897385279337,52.04753112792969,0.0002,0.022359308,0.9325279593467712,-0.05995168690505023,903,0.2,-39.64857059054904,0.17740885416666666,0.9512385725975037
199.37830194000003,245760,256,83.39,958,120,162.1537235303857,65.35034942626953,0.0002,0.02371842,0.9247674345970154,-0.06830846978051738,909,0.2,-39.63604793329348,0.2180316091954023,0.9508365988731384
199.49421674999994,247808,258,84.28,959,121,121.71503392269737,48.38982391357422,0.0002,0.024071489,0.9463005065917969,-0.07222628445168466,915,0.2,-39.60508165861431,0.24991776315789474,0.9491956233978271
197.66699485,249856,260,82.99,959,122,166.72728103020287,71.05763244628906,0.0002,0.023394616,0.927227258682251,-0.06944476094398368,921,0.2,-39.557690769261704,0.22958815028901733,0.9479324221611023
196.67793418999997,251904,262,82.81,961,123,130.91734787354986,52.254756927490234,0.0002,0.022854052,0.9415327906608582,-0.06863949480971479,927,0.2,-39.54394832289363,0.2391754518072289,0.9482216835021973
197.88513472,253952,264,84.23,961,124,132.69351088579964,47.8499870300293,0.0002,0.024943162,0.9406325817108154,-0.06563651944127152,933,0.2,-39.52292327880859,0.22196691176470587,0.946636974811554
197.25779433999998,256000,266,84.66,962,125,150.57889595612656,44.72997283935547,0.0002,0.026419934,0.9382568597793579,-0.07112260769371907,940,0.2,-39.49820327758789,0.23413705583756345,0.9464743137359619
198.55130934999994,258048,268,85.53,962,126,120.54707333996038,45.86555099487305,0.0002,0.022444107,0.9451579451560974,-0.0642426926790956,945,0.2,-39.49834240469963,0.21626194267515925,0.9465400576591492
203.00373723999994,260096,270,87.04,963,127,147.8435471490257,55.46636199951172,0.0002,0.030308783,0.9381540417671204,-0.07426031343301112,952,0.2,-39.481737818742666,0.2543717616580311,0.946083664894104
202.22744514999994,262144,272,86.09,963,128,121.72749925093217,56.29322052001953,0.0002,0.027797163,0.9439452290534973,-0.06715184371974883,958,0.2,-39.45784595373905,0.2209280303030303,0.9451369047164917
201.65567664000002,264192,273,85.58,964,129,120.56334092881944,49.40720748901367,0.0002,0.02356427,0.949008047580719,-0.06198952376467383,963,0.2,-39.433670891655815,0.2150607638888889,0.9442166090011597
204.36239100000003,266240,275,85.09,964,130,133.06155379722858,59.715248107910156,0.0002,0.024584463,0.9432061314582825,-0.0625124271091973,968,0.2,-39.4249926599963,0.2122844827586207,0.9444482922554016
207.17209341,268288,277,84.19,965,131,129.5884112654061,61.93666076660156,0.0002,0.023372088,0.9425034523010254,-0.0704920753226455,974,0.2,-39.41651011061394,0.23545258620689655,0.9440630078315735
207.46124253999997,270336,279,83.72,966,132,110.31353815714519,39.81464767456055,0.0002,0.020336954,0.9592556357383728,-0.037734039748708405,977,0.2,-39.415056813557946,0.11979166666666667,0.9443201422691345
210.10781299,272384,281,82.81,967,133,115.37271869401991,40.08723068237305,0.0002,0.026303366,0.9503666162490845,-0.06818815544704718,983,0.2,-39.3928108215332,0.22507668711656442,0.9429662227630615
214.31296154,274432,283,82.5,967,134,111.69136483629764,39.05556869506836,0.0002,0.023733314,0.9509473443031311,-0.06959849977814361,989,0.2,-39.37134566754926,0.2349792817679558,0.9424842596054077
211.52305533000006,276480,285,83.5,968,135,108.46036776733398,45.37998580932617,0.0002,0.021912409,0.9619181156158447,-0.058665830716490744,993,0.2,-39.34976211547851,0.191625,0.9416391849517822
214.19910725999998,278528,287,83.99,969,136,113.62846392151937,78.96163177490234,0.0002,0.023797251,0.957048773765564,-0.06705944767932413,999,0.2,-39.307088929104665,0.21757586705202311,0.9399818778038025
219.65492052,280576,289,86.8,968,137,116.97173509143647,37.34265899658203,0.0002,0.024050625,0.9434483647346497,-0.07591589923859351,1007,0.2,-39.30221814957876,0.25186011904761907,0.9404722452163696
218.94128316999996,282624,291,88.07,969,138,118.94980607549829,54.28494644165039,0.0002,0.025278768,0.949455976486206,-0.06297802123667515,1013,0.2,-39.28785815870906,0.2081137048192771,0.9398585557937622
214.98367367000006,284672,293,87.55,969,139,117.60111266530622,61.383113861083984,0.0002,0.022833373,0.9500089287757874,-0.06988927232910981,1019,0.2,-39.26317985894168,0.23871073298429318,0.938799262046814
214.37679663000003,286720,295,88.43,970,140,130.99780805678594,42.21908950805664,0.0002,0.023031825,0.9411888718605042,-0.07087567403823847,1026,0.2,-39.241052409580774,0.2314732142857143,0.9383807182312012
211.80225012,288768,297,87.14,970,141,150.9971451665841,49.59151840209961,0.0002,0.025696544,0.9323588609695435,-0.07426097366831028,1033,0.2,-39.210757629544126,0.23881740196078433,0.9375395178794861
212.5744427,290816,299,85.95,971,142,147.17212968344217,70.71177673339844,0.0002,0.023225961,0.9375596046447754,-0.06832206543985304,1039,0.2,-39.20653875581511,0.23068337912087913,0.9370306730270386
213.53286871999998,292864,301,87.04,971,143,117.24372021119986,43.48506546020508,0.0002,0.024822732,0.9539618492126465,-0.05667952203831232,1044,0.2,-39.17681924620671,0.19274720149253732,0.9363665580749512
213.54972746000004,294912,303,85.99,972,144,99.16393498579662,37.5071907043457,0.0002,0.0188094,0.9606984257698059,-0.04493351714336313,1047,0.2,-39.16543332735697,0.1533203125,0.9364400506019592
208.2988383,296960,305,86.91,973,145,137.65585247936144,44.936622619628906,0.0002,0.024144435,0.9418433308601379,-0.06863646826813699,1053,0.2,-39.16446152150305,0.24018101092896174,0.9362103939056396
208.31760916000002,299008,307,88.38,973,146,153.64135678228504,46.49415588378906,0.0002,0.023976555,0.9348368048667908,-0.06433751398675189,1059,0.2,-39.1617626715563,0.2093937125748503,0.9362891912460327
211.77664037,301056,309,89.65,973,147,133.39477051182797,40.15314865112305,0.0002,0.023078103,0.934329628944397,-0.06802970441303363,1065,0.2,-39.16867922732705,0.2171875,0.9365313053131104
212.12164801999998,303104,310,89.96,974,148,133.81672641484425,44.60712814331055,0.0002,0.023852864,0.9472209811210632,-0.045474830365767986,1069,0.2,-39.16581232860835,0.14094065656565657,0.9363575577735901
216.88043112,305152,312,89.33,975,149,109.53734162735613,36.75693130493164,0.0002,0.024097495,0.9530010223388672,-0.06495697919139001,1074,0.2,-39.149337742426624,0.2172517123287671,0.9354826807975769
214.79015378999998,307200,314,88.49,975,150,106.4034652709961,34.112606048583984,0.0002,0.02440255,0.9577236175537109,-0.06642968764517927,1080,0.2,-39.132892893648695,0.22243175287356323,0.9350861310958862
213.12212982999995,309248,316,88.61,976,151,107.43410134996687,46.65719223022461,0.0002,0.02135797,0.9548537731170654,-0.05824739864495184,1085,0.2,-39.109590721130374,0.19888392857142856,0.9343953132629395
218.03447125000002,311296,318,89.35,977,152,129.34763856691734,60.27180862426758,0.0002,0.019614456,0.9545599818229675,-0.04731817405984223,1089,0.2,-39.10213605934214,0.14719626168224298,0.9342995882034302
215.49110304999994,313344,320,89.79,978,153,88.89996998606165,38.44260025024414,0.0002,0.024215834,0.9660831689834595,-0.06456466344203435,1094,0.2,-39.101301330366944,0.21691176470588236,0.9341063499450684
209.99795494000003,315392,322,90.02,978,154,97.19070818113244,35.28196334838867,0.0002,0.024073994,0.9551180601119995,-0.06916873363788119,1100,0.2,-39.06745392343272,0.24201766304347827,0.9329765439033508
211.94677402000002,317440,324,89.43,979,155,113.75681856661866,33.88370895385742,0.0002,0.024582978,0.9474936127662659,-0.06541865793093618,1106,0.2,-39.069760338734774,0.23260946327683615,0.933588445186615
207.29910410999994,319488,326,88.71,979,156,100.39953338268191,36.519798278808594,0.0002,0.030049108,0.9578729867935181,-0.053460066556901664,1111,0.2,-39.07087550791659,0.1772044573643411,0.9335544109344482
207.09807049000003,321536,328,88.76,979,157,129.99415242355482,31.502838134765625,0.0002,0.027975358,0.9376130104064941,-0.07249385260037286,1119,0.2,-39.06771472492049,0.23935287610619468,0.9335473775863647
212.76741540999996,323584,330,88.35,980,158,93.34336381995159,33.31608200073242,0.0002,0.019748583,0.9656167030334473,-0.05010118666307434,1123,0.2,-39.05285753996476,0.16820652173913042,0.932782769203186
216.71608213,325632,332,89.5,980,159,99.88763007072554,31.40603256225586,0.0002,0.020062067,0.9610128402709961,-0.05542096077011618,1128,0.2,-39.025519958914145,0.1893193493150685,0.9316288232803345
219.84184117,327680,333,89.5,981,160,109.09406986236573,38.80718231201172,0.0002,0.021846883,0.9603601694107056,-0.044331812332384285,1132,0.2,-39.01301570892334,0.14875,0.931810200214386
221.46646020999998,329728,335,91.16,982,161,114.91869438434469,48.64619827270508,0.0002,0.023060517,0.9514002799987793,-0.06097602111062613,1137,0.2,-39.004346124057115,0.20797413793103448,0.9311689734458923
222.95939416,331776,337,89.36,982,162,111.8910071753353,33.227027893066406,0.0002,0.023508873,0.9547915458679199,-0.06537746760531227,1143,0.2,-38.98462050774194,0.2171242774566474,0.930892825126648
214.36471895999995,333824,339,87.72,982,163,96.98630748075597,34.2203483581543,0.0002,0.02526804,0.9580118060112,-0.05749015633345527,1148,0.2,-38.97601556777954,0.19818474264705882,0.9303781986236572
212.74151799000003,335872,341,86.61,982,164,138.94556639744684,41.37729263305664,0.0002,0.02417467,0.9425302743911743,-0.07219761985470541,1155,0.2,-38.960192900437576,0.23347355769230768,0.9298433661460876
210.55357155000002,337920,343,85.31,982,165,118.95984532573435,34.90934753417969,0.0002,0.024287704,0.9509254693984985,-0.06889584190258295,1162,0.2,-38.93704652314139,0.22269492574257427,0.929132342338562
209.95657401999998,339968,345,84.93,983,166,94.29083273751395,22.655763626098633,0.0002,0.02456587,0.960896372795105,-0.0604128359151738,1167,0.2,-38.927635247366766,0.20747767857142857,0.9291154146194458
211.4153138,342016,347,85.92,983,167,91.93774052520297,36.22920608520508,0.0002,0.026975602,0.9628045558929443,-0.05969058283006967,1172,0.2,-38.924407104947676,0.2072061567164179,0.9288374781608582
212.89273064,344064,349,86.53,983,168,102.30248512016549,34.30738830566406,0.0002,0.024287045,0.9595036506652832,-0.06952237543537394,1178,0.2,-38.9062317439488,0.24064217032967034,0.9278782606124878
215.97788894000004,346112,351,87.21,984,169,95.95941913829131,36.54645919799805,0.0002,0.02351889,0.9614766240119934,-0.06690275431884563,1184,0.2,-38.863336652867936,0.24034926470588236,0.9265853762626648
219.04594981,348160,353,88.26,984,170,102.78484969980576,48.64083480834961,0.0002,0.02538586,0.9562243223190308,-0.05640473061665783,1189,0.2,-38.846502276027906,0.19106158088235295,0.9266332983970642
225.90579115,350208,355,89.48,984,171,98.83295341036212,36.00003433227539,0.0002,0.023230175,0.9637086987495422,-0.05759349433746912,1194,0.2,-38.848129557139835,0.1958955223880597,0.9264616370201111
231.05815976999995,352256,357,89.69,985,172,73.68721973652742,22.472747802734375,0.0002,0.023559175,0.9703617691993713,-0.061007634890234086,1199,0.2,-38.83891677856445,0.22151360544217688,0.9263957738876343
230.93620855,354304,359,90.7,985,173,99.12827434309993,41.555877685546875,0.0002,0.02652306,0.9631263613700867,-0.06562889558655849,1205,0.2,-38.833194089223106,0.23239834337349397,0.9259437322616577
230.13755309000004,356352,361,91.15,985,174,111.02450603069646,30.416858673095703,0.0002,0.023707356,0.9531898498535156,-0.07097052954284862,1212,0.2,-38.80943557059411,0.2395575495049505,0.9248326420783997
229.10360171999997,358400,363,92.09,986,175,100.1399399217709,30.849119186401367,0.0002,0.032084625,0.964928925037384,-0.054736095307351545,1217,0.2,-38.80666176847709,0.17647771317829458,0.9256969690322876
228.66404164999997,360448,365,94.08,986,176,102.55567925150801,45.88532257080078,0.0002,0.0255851,0.9568303823471069,-0.06197551205163685,1223,0.2,-38.82420242123487,0.21227134146341464,0.9261342287063599
222.59360665,362496,367,93.66,986,177,87.0424161804509,26.306270599365234,0.0002,0.027655508,0.9639918208122253,-0.07035596866094446,1230,0.2,-38.83342613181487,0.24793781725888325,0.9262909293174744
220.52198041000003,364544,369,93.9,986,178,158.7795121537878,44.496620178222656,0.0002,0.025267636,0.9328540563583374,-0.07033725478587316,1238,0.2,-38.82402497961166,0.23617021276595745,0.9256218075752258
217.16152431999998,366592,371,93.32,986,179,98.68687022359748,53.96138381958008,0.0002,0.023290023,0.9616915583610535,-0.06100208243649257,1243,0.2,-38.79906282926861,0.2080592105263158,0.9248515963554382
218.23014603000004,368640,373,92.24,987,180,90.49015301058752,43.898353576660156,0.0002,0.030306827,0.9640170931816101,-0.06672005739456378,1249,0.2,-38.77455316863445,0.2440799689440994,0.9241271018981934
222.41510705000005,370688,375,91.93,987,181,94.67671300494482,41.4450798034668,0.0002,0.02531761,0.9581342935562134,-0.06985111852427797,1255,0.2,-38.75153411380828,0.25223214285714285,0.9233341813087463
225.78546984000002,372736,377,92.04,987,182,90.13103379776229,31.47124481201172,0.0002,0.026183417,0.9673940539360046,-0.05991221952543997,1260,0.2,-38.73150298844522,0.20300839552238806,0.9231874346733093
229.07774914000004,374784,379,91.49,988,183,90.9092131879993,32.2049674987793,0.0002,0.023467822,0.9632483720779419,-0.05522302474959621,1265,0.2,-38.7442050446245,0.19043703007518797,0.9237448573112488
225.80760224999997,376832,380,90.08,989,184,70.41700548444476,23.22884178161621,0.0002,0.023938678,0.9701061844825745,-0.04955038971134595,1269,0.2,-38.75145249139695,0.20580357142857142,0.9238343834877014
223.49431597999998,378880,382,90.03,989,185,87.70243049390388,27.044635772705078,0.0002,0.027301867,0.9639891982078552,-0.06016418370982689,1274,0.2,-38.7409383022424,0.22230113636363635,0.9229784607887268
222.95664469000002,380928,385,88.52,988,186,94.39488340435607,44.187522888183594,0.0002,0.028499592,0.9594199657440186,-0.06979399208882542,1280,0.2,-38.72214061852657,0.25946969696969696,0.9227532148361206
221.49061448,382976,388,88.7,985,187,79.9269459494229,25.925058364868164,0.0002,0.020992626,0.968336820602417,-0.05483874717952106,1284,0.2,-38.727032266814135,0.20743534482758622,0.9228470921516418
225.80409707,385024,391,90.08,982,188,88.89452903270721,39.87717056274414,0.0002,0.023205578,0.9586460590362549,-0.0612344559864141,1289,0.2,-38.720865201950076,0.224609375,0.9225648045539856
229.01136126,387072,394,90.19,980,189,102.1039726488518,40.816551208496094,0.0002,0.024317699,0.9530187845230103,-0.06066302710184545,1295,0.2,-38.71094307176995,0.21117424242424243,0.9223377704620361
230.44560028,389120,397,90.63,978,190,113.0281327410442,34.69578552246094,0.0002,0.021288915,0.9617447853088379,-0.053036396891423844,1299,0.2,-38.70259218293477,0.17136686991869918,0.9221605658531189
228.83517075000003,391168,400,91.03,977,191,104.32236784741394,31.630949020385742,0.0002,0.023012655,0.9626261591911316,-0.05421119084917849,1304,0.2,-38.71331603544995,0.17222744360902256,0.9227591753005981
227.85561693,393216,402,90.1,975,192,112.52374723006268,35.59425735473633,0.0002,0.024849933,0.9603347778320312,-0.04103084850334087,1308,0.2,-38.7188399567896,0.1299426020408163,0.9226612448692322
226.95281022,395264,406,91.27,973,193,96.83764400122301,39.0164909362793,0.0002,0.02078953,0.960352897644043,-0.04842179382817363,1312,0.2,-38.70248567833091,0.15964033018867924,0.921700119972229
227.90975096,397312,408,91.47,972,194,72.74291739786477,28.404151916503906,0.0002,0.027789768,0.9707012176513672,-0.056635607678191105,1317,0.2,-38.68806775889002,0.21522556390977443,0.9217855930328369
230.72448849,399360,411,90.99,969,195,89.32633311830718,23.725627899169922,0.0002,0.021488048,0.9660899639129639,-0.05549308035265783,1322,0.2,-38.66891829392006,0.18545258620689656,0.9207324385643005
228.33217464,401408,414,90.32,968,196,81.57696270120555,30.689502716064453,0.0002,0.024747953,0.968646228313446,-0.058563190049909314,1327,0.2,-38.64489017355031,0.2014008620689655,0.9201561212539673
232.46403437000004,403456,417,89.5,966,197,97.51011281656035,32.44548416137695,0.0002,0.02336244,0.9640980958938599,-0.058160820457397414,1332,0.2,-38.60374080035703,0.19049202127659576,0.9184566140174866
228.84916697999998,405504,420,88.49,964,198,95.86066207885742,39.69694900512695,0.0002,0.021097701,0.9670593738555908,-0.04852735370486265,1336,0.2,-38.57898446945917,0.17083333333333334,0.9185550212860107
228.39463892,407552,423,89.17,962,199,87.38185366926523,28.12128257751465,0.0002,0.023370462,0.966202974319458,-0.06075360241249717,1341,0.2,-38.57494414757038,0.20614224137931034,0.9182898998260498
229.51772144999998,409600,425,88.98,961,200,81.33192167095109,30.531375885009766,0.0002,0.022190645,0.9689902067184448,-0.04566070333342342,1345,0.2,-38.565603480619544,0.16513480392156862,0.917873740196228
231.86528662,411648,428,90.05,960,201,81.43054522786822,29.69632339477539,0.0002,0.020371381,0.9698936343193054,-0.05012589049874805,1349,0.2,-38.542841127940584,0.162109375,0.9170237183570862
230.30651761999997,413696,431,90.21,959,202,70.34515115326526,27.706064224243164,0.0002,0.027374139,0.9758370518684387,-0.047431352543735913,1353,0.2,-38.51766260932474,0.17386642156862744,0.9161545038223267
232.65433469999996,415744,433,91.58,958,203,105.22822984394274,33.70426559448242,0.0002,0.023776744,0.9591965675354004,-0.06913380396895502,1359,0.2,-38.50959775824296,0.24695723684210527,0.916581928730011
231.5065473,417792,435,91.27,958,204,77.44271150449427,21.24100112915039,0.0002,0.025493149,0.9692026376724243,-0.0637186294131935,1365,0.2,-38.488683933165014,0.23761432926829268,0.9150147438049316
234.39071301000004,419840,437,93.4,959,205,79.03179871594465,25.39504623413086,0.0002,0.02198682,0.9702664613723755,-0.04908034319911773,1369,0.2,-38.4656723163746,0.17346643518518517,0.9149503111839294
235.36814973000003,421888,439,93.11,960,206,84.79656330231697,38.804168701171875,0.0002,0.022566076,0.9727226495742798,-0.05631581059987507,1373,0.2,-38.4551912430794,0.2017389112903226,0.9146730303764343
237.88672620999998,423936,441,92.42,960,207,73.94645999886139,31.593795776367188,0.0002,0.023589827,0.9717665314674377,-0.0630858748149105,1379,0.2,-38.44042301735683,0.22231359649122806,0.9140777587890625
238.91577023,425984,443,93.13,961,208,93.21944683114278,55.098052978515625,0.0002,0.031817306,0.9711105227470398,-0.04267096661568917,1383,0.2,-38.430768475090105,0.13514819587628865,0.9139736294746399
239.22470204,428032,444,91.78,961,209,65.15397186861694,18.567584991455078,0.0002,0.025902132,0.978432297706604,-0.05815427834950103,1388,0.2,-38.433761363721075,0.22280534351145037,0.9144976139068604
240.4899751,430080,446,91.08,962,210,66.26632439749581,21.831222534179688,0.0002,0.02221408,0.9793678522109985,-0.03242916879909379,1391,0.2,-38.44886583600726,0.14486607142857144,0.914524257183075
238.54581317,432128,448,91.88,963,211,83.86968553983249,34.358524322509766,0.0002,0.020137925,0.972225546836853,-0.03632882060721899,1394,0.2,-38.44229473211826,0.13040865384615385,0.9142264723777771
238.64812052000005,434176,450,93.58,964,212,97.76698279926795,39.16437911987305,0.0002,0.02587158,0.9636468291282654,-0.05618988771261718,1399,0.2,-38.438674577319894,0.1989503816793893,0.9142055511474609
237.57125566,436224,451,95.63,965,213,72.22044325966871,28.299776077270508,0.0002,0.025122002,0.9726825952529907,-0.05738265028237614,1404,0.2,-38.44419916167514,0.21314408396946566,0.9146513938903809
237.60122928999996,438272,453,96.87,965,214,110.601704565684,39.158653259277344,0.0002,0.023054557,0.9611958265304565,-0.05716620658834775,1408,0.2,-38.44800119400024,0.221875,0.9144937992095947
235.07157236999998,440320,455,97.72,966,215,94.37464260332513,39.42042922973633,0.0002,0.027938738,0.9647575616836548,-0.05805956425893149,1413,0.2,-38.43165001724706,0.21638257575757575,0.913886547088623
237.11502509000002,442368,457,98.21,966,216,93.65043138031267,46.85526657104492,0.0002,0.022933735,0.9677450656890869,-0.055467732980027475,1417,0.2,-38.41959459353716,0.19391025641025642,0.9137866497039795
238.30655895999996,444416,459,97.1,967,217,96.48507735574034,30.126659393310547,0.0002,0.026981004,0.961754560470581,-0.06686432666514487,1423,0.2,-38.41055677064072,0.22448224852071005,0.9135099053382874
241.21074210999998,446464,461,96.72,967,218,79.77278113029372,20.681928634643555,0.0002,0.023684582,0.9700844287872314,-0.057615412743499794,1428,0.2,-38.4028566118697,0.19586267605633803,0.9128998517990112
234.43669269999998,448512,463,96.69,968,219,70.67329946664664,28.149503707885742,0.0002,0.02679085,0.9759477376937866,-0.056034268671646716,1433,0.2,-38.38466529846191,0.18954326923076922,0.9130155444145203
238.95966398000002,450560,465,96.15,968,220,101.07520208295607,36.22225570678711,0.0002,0.023886355,0.9568889737129211,-0.060719508023944914,1438,0.2,-38.37093972212431,0.21140314569536423,0.9119331240653992
235.21892362,452608,467,95.52,969,221,90.04515575912764,33.82847213745117,0.0002,0.02128149,0.9681565761566162,-0.04763763742784987,1442,0.2,-38.34711258366423,0.16642099056603774,0.91144198179245
235.54099954,454656,468,94.92,969,222,84.06184976751155,36.7708854675293,0.0002,0.024012562,0.9717609286308289,-0.04939231200736355,1446,0.2,-38.33745907870206,0.19048295454545455,0.9111413359642029
236.71888317999998,456704,470,95.9,970,223,82.16716630355171,29.40275001525879,0.0002,0.02080536,0.9726860523223877,-0.05029241959361926,1450,0.2,-38.32759979911472,0.17730978260869565,0.9111066460609436
241.50553243000002,458752,472,96.83,970,224,82.89339473247529,38.90843200683594,0.0002,0.022244,0.9733090400695801,-0.05878055224602576,1455,0.2,-38.316860222816466,0.210546875,0.9104021191596985
244.77759892000003,460800,474,97.34,970,225,54.906746591840474,21.765626907348633,0.0002,0.025712943,0.9804327487945557,-0.05927740090992302,1460,0.2,-38.300006130763464,0.2314732142857143,0.9101932644844055
243.48815277000006,462848,476,97.25,971,226,76.82124407841609,32.9952507019043,0.0002,0.024780361,0.9755074977874756,-0.051166092357240046,1465,0.2,-38.29627896822416,0.17463942307692307,0.910179853439331
245.08774101,464896,478,98.18,972,227,70.98458858739549,24.53728675842285,0.0002,0.027237624,0.9749087691307068,-0.05481148314462087,1469,0.2,-38.30589772162036,0.22108644859813084,0.910715639591217
246.62570034,466944,480,95.86,972,228,81.82698627497187,28.799991607666016,0.0002,0.023271183,0.9698740839958191,-0.061019607905964585,1474,0.2,-38.31034987493856,0.21999172185430463,0.9105021357536316
243.74500759999998,468992,482,94.1,972,229,89.32648814808239,32.18037796020508,0.0002,0.023584677,0.9690280556678772,-0.054619802165578935,1479,0.2,-38.29042454921838,0.1875,0.9097295999526978
243.63638785,471040,483,96.44,973,230,89.50558864977933,43.48607635498047,0.0002,0.030125536,0.9692586064338684,-0.05150376040806142,1484,0.2,-38.27222046371578,0.18011143410852712,0.9094904661178589
245.46878957,473088,485,96.68,973,231,73.32021113804409,25.216537475585938,0.0002,0.023802781,0.972724199295044,-0.057676990039735324,1490,0.2,-38.25959664299374,0.2109375,0.9089286923408508
245.36125741,475136,487,95.82,974,232,70.89089942465023,22.343576431274414,0.0002,0.024418125,0.9737771153450012,-0.05922349113464153,1495,0.2,-38.244780482078085,0.21045918367346939,0.9088485836982727
240.08158297000003,477184,489,98.29,974,233,94.51198055474042,40.43728256225586,0.0002,0.025025683,0.9614450931549072,-0.06804759129698347,1502,0.2,-38.23318812177686,0.2418411330049261,0.908236563205719
239.42023402000004,479232,491,98.91,974,234,105.8610784060991,27.154193878173828,0.0002,0.024438204,0.9527356624603271,-0.06749394955464531,1509,0.2,-38.22606089606357,0.22989949748743718,0.9081342220306396
240.52476135,481280,493,98.23,974,235,94.88553308807643,25.835664749145508,0.0002,0.019273298,0.9656863808631897,-0.04306659427784647,1513,0.2,-38.21043814600041,0.14311393805309736,0.9074440002441406
241.99223419,483328,495,99.49,974,236,64.49129981261034,19.670883178710938,0.0002,0.025400657,0.9774529933929443,-0.051052659535064146,1517,0.2,-38.18158527520987,0.19786658653846154,0.9066228270530701
240.98747033,485376,497,99.77,975,237,84.01413706370762,60.55054473876953,0.0002,0.012622823,0.97700434923172,-0.02259666853517826,1519,0.2,-38.16946915217808,0.08175223214285714,0.9065271615982056
245.10768542000005,487424,499,99.6,975,238,74.12552580656829,28.157766342163086,0.0002,0.025178218,0.9733456969261169,-0.05472317787784117,1524,0.2,-38.15889474374276,0.2039351851851852,0.9061800241470337
244.92261657999998,489472,501,99.26,975,239,82.13496234291478,47.53772735595703,0.0002,0.01713781,0.9759275317192078,-0.03885263788856958,1527,0.2,-38.14963712190327,0.14161184210526315,0.9060296416282654
241.36068293000005,491520,503,98.64,976,240,75.95912657633866,20.681642532348633,0.0002,0.023535684,0.9749302268028259,-0.0446988148776132,1531,0.2,-38.144936627680714,0.15547648514851486,0.9059560894966125
241.52649736,493568,505,99.26,976,241,82.47445997899892,20.55144691467285,0.0002,0.022407282,0.9700413942337036,-0.0584009901024908,1536,0.2,-38.13348282275557,0.21024659863945577,0.9053276777267456
245.63944835,495616,507,99.53,976,242,78.02514694213868,28.44570541381836,0.0002,0.025578234,0.975215494632721,-0.047293451218865815,1540,0.2,-38.121579513549804,0.16515625,0.9052281975746155
249.32420287999994,497664,509,99.42,977,243,78.19694478058618,33.42790222167969,0.0002,0.022689933,0.9729435443878174,-0.05271396411136409,1544,0.2,-38.11090447291855,0.20170454545454544,0.9047903418540955
253.01765616,499712,511,101.1,977,244,88.03755112850305,33.4259147644043,0.0002,0.022948507,0.9720851182937622,-0.05705321957286673,1549,0.2,-38.07737515189431,0.18678977272727273,0.9033641219139099
255.59843721000001,501760,513,101.83,977,245,113.62562014060046,28.89162826538086,0.0002,0.023898868,0.9561095237731934,-0.06092645743585847,1555,0.2,-38.064397014638104,0.23206018518518517,0.9037607312202454
