time/fps,rollout/ep_len_mean,time/total_timesteps,time/time_elapsed,time/iterations,rollout/ep_rew_mean,train/approx_kl,train/n_updates,train/value_loss,train/entropy_loss,train/learning_rate,train/loss,train/explained_variance,train/clip_range,train/clip_fraction,train/std,train/policy_gradient_loss
1260,110.5,2048,1,1,131.5115431111111,,,,,,,,,,,
974,111.11111111111111,4096,4,2,135.76928338888888,0.020706136,10,661.8374221801757,-41.15025593042374,0.0002,321.2327880859375,-0.0017473697662353516,0.2,0.246044921875,1.0000447034835815,-0.06936863173905294
909,110.89090909090909,6144,6,3,136.13581878181822,0.015965812,20,625.893930053711,-41.16512099504471,0.0002,275.1465148925781,0.0353693962097168,0.2,0.16796875,1.0008327960968018,-0.059022754706529665
874,110.68493150684931,8192,9,4,134.39509327397263,0.016282078,30,571.6998930931092,-41.15621415376663,0.0002,266.26959228515625,0.14845484495162964,0.2,0.151123046875,0.9997720122337341,-0.056453394652635325
859,111.08695652173913,10240,11,5,135.83097685869566,0.01634831,40,466.43025970458984,-41.14048824310303,0.0002,175.97410583496094,0.32042455673217773,0.2,0.16630859375,0.9996181130409241,-0.0586947731935652
851,111.15,12288,14,6,134.64677718999997,0.018516675,50,457.89845008850097,-41.14488369226456,0.0002,134.39405822753906,0.5215219259262085,0.2,0.187353515625,1.00020432472229,-0.06465259473479819
843,110.54,14336,16,7,134.85971204,0.018879618,60,346.27223148345945,-41.15193214416504,0.0002,162.44252014160156,0.6864175200462341,0.2,0.199072265625,0.9999393820762634,-0.0661010089708725
836,109.77,16384,19,8,132.44765493,0.019271437,70,333.98122158050535,-41.123691606521604,0.0002,174.3453369140625,0.7700101733207703,0.2,0.205712890625,0.9984139800071716,-0.06640772631508299
832,110.2,18432,22,9,133.66455073999998,0.020680193,80,273.5722023963928,-41.088626658916475,0.0002,138.38101196289062,0.8331396579742432,0.2,0.226318359375,0.9976986646652222,-0.06997832704801113
828,109.6,20480,24,10,133.97272619,0.01862793,90,288.56796498298644,-41.071905970573425,0.0002,140.17471313476562,0.8521823883056641,0.2,0.20234375,0.9970604181289673,-0.0637502856006904
826,109.57,22528,27,11,133.84924816999998,0.020123828,100,254.94344363212585,-41.06491078138352,0.0002,107.09566497802734,0.8828862905502319,0.2,0.2169921875,0.9973509311676025,-0.06845338825660292
820,109.73,24576,29,12,134.60718805000002,0.021797117,110,177.77433748245238,-41.082132923603055,0.0002,109.55793762207031,0.9027305245399475,0.2,0.237890625,0.998007595539093,-0.07081680412666173
812,110.12,26624,32,13,135.45388738000003,0.020386714,120,183.9234435558319,-41.049861919879916,0.0002,81.33577728271484,0.9009166359901428,0.2,0.220458984375,0.9958221316337585,-0.0672413800668437
811,110.35,28672,35,14,136.64164527,0.021212474,129,164.0804891321394,-41.031457013554046,0.0002,92.18624114990234,0.925889253616333,0.2,0.23030598958333334,0.9961130023002625,-0.06815243626867111
812,110.12,30720,37,15,135.94400995,0.02489889,138,145.8402280037863,-41.01553498652943,0.0002,56.4402961730957,0.9332250952720642,0.2,0.2829495614035088,0.9953198432922363,-0.0780096788449507
817,110.45,32768,40,16,138.66046731,0.021003649,146,145.84539681893807,-41.02532688972881,0.0002,48.91425323486328,0.9340012073516846,0.2,0.2105195473251029,0.9957940578460693,-0.06452501835033236
817,110.71,34816,42,17,139.43425772999998,0.022883441,156,142.63692778035215,-41.008748757211784,0.0002,55.99745559692383,0.9315477609634399,0.2,0.23961759868421054,0.9950225949287415,-0.07106324136686071
814,110.95,36864,45,18,141.06178335,0.021607352,166,110.04855998754502,-40.99227750301361,0.0002,49.846405029296875,0.9459761381149292,0.2,0.253759765625,0.9944674372673035,-0.07281032310274896
810,111.64,38912,47,19,142.84435115999997,0.02109147,176,121.68764758110046,-40.943774175643924,0.0002,58.42037582397461,0.9429125189781189,0.2,0.237548828125,0.9924205541610718,-0.07333817455510143
810,111.45,40960,50,20,142.25320280999998,0.023771096,186,108.68650083792836,-40.91722857324701,0.0002,47.11341094970703,0.950507402420044,0.2,0.2529296875,0.9922069311141968,-0.07508803652997717
809,111.3,43008,53,21,142.43981587,0.023366127,196,67.27152773579087,-40.90298845775449,0.0002,32.54897689819336,0.9669817090034485,0.2,0.2809561128526646,0.9914008378982544,-0.07944523224455295
813,111.06,45056,55,22,142.46223745,0.017052177,201,89.14860334275645,-40.883764460117,0.0002,61.210147857666016,0.9580326676368713,0.2,0.15555775316455697,0.9906140565872192,-0.0513655992336807
814,111.02,47104,57,23,141.98189733,0.02174318,210,74.87423057842972,-40.84926745766088,0.0002,36.85419464111328,0.9620265960693359,0.2,0.21540178571428573,0.989264965057373,-0.06766947339589995
811,110.42,49152,60,24,140.86543532999997,0.02254484,220,59.43137775659561,-40.827594900131224,0.0002,27.061674118041992,0.9708564877510071,0.2,0.25283203125,0.989152193069458,-0.0743889222474536
811,110.16,51200,63,25,140.49098245,0.02404652,229,65.28977948836697,-40.81259324168431,0.0002,27.707149505615234,0.9669906497001648,0.2,0.23026001908396945,0.988440752029419,-0.06781985929754797
810,109.95,53248,65,26,140.67385416000002,0.02131869,239,70.73600786980417,-40.81183977037388,0.0002,41.33086395263672,0.967339277267456,0.2,0.23510971786833856,0.9888089895248413,-0.07126342983139813
803,110.02,55296,68,27,140.65951795,0.022328697,249,62.36084786057472,-40.80380758047104,0.0002,30.91731834411621,0.9689117670059204,0.2,0.257470703125,0.9881113767623901,-0.07389731956063769
794,110.21,57344,72,28,140.10131406,0.02190026,259,61.06730445027351,-40.77133308649063,0.0002,24.724225997924805,0.9669585824012756,0.2,0.256103515625,0.9868558645248413,-0.07249909133897744
783,110.6,59392,75,29,140.16816055,0.022337753,269,63.13392286300659,-40.73800446987152,0.0002,27.88288116455078,0.9677785038948059,0.2,0.24111328125,0.986288845539093,-0.07098761626984924
775,110.69,61440,79,30,139.89428780999998,0.033845954,279,55.10748334574452,-40.72502455661866,0.0002,35.15703582763672,0.9713279008865356,0.2,0.26849048442906576,0.9854443073272705,-0.07354351242997757
772,111.03,63488,82,31,141.575407,0.022702482,287,50.92670046798582,-40.68878846827561,0.0002,27.242481231689453,0.972794234752655,0.2,0.23761432926829268,0.9842310547828674,-0.06708107519008946
771,111.11,65536,84,32,143.47526897,0.030484771,295,48.74268583509657,-40.67159518771702,0.0002,29.614673614501953,0.9776051044464111,0.2,0.23972222222222223,0.9839702248573303,-0.06828326296475198
773,111.19,67584,87,33,144.21995701000003,0.033161726,304,41.40199356969693,-40.66707363202878,0.0002,19.34992790222168,0.9798781275749207,0.2,0.24981760700389105,0.9837871789932251,-0.07050418325768719
774,111.82,69632,89,34,146.21597042000002,0.022978693,313,51.48613066933372,-40.658380279541014,0.0002,13.410984992980957,0.9753366708755493,0.2,0.24602272727272728,0.9833766222000122,-0.06894187549637122
776,112.17,71680,92,35,146.8903346,0.027007865,323,45.11270240861543,-40.65048888589249,0.0002,19.622943878173828,0.9773713946342468,0.2,0.2725871598639456,0.9833560585975647,-0.073920972990569
776,112.37,73728,94,36,147.51048201,0.02354034,333,44.53163985013962,-40.67023863792419,0.0002,17.38077735900879,0.9787111878395081,0.2,0.272509765625,0.9842523336410522,-0.07805169303610456
775,112.06,75776,97,37,145.45157970000002,0.023104556,343,40.65914841294288,-40.691526806354524,0.0002,22.74151039123535,0.9795920848846436,0.2,0.27734375,0.984693706035614,-0.0759560842619976
777,112.26,77824,100,38,145.35490095,0.021993725,351,41.4954109889705,-40.667019526163735,0.0002,22.6895694732666,0.9790347218513489,0.2,0.23329522357723578,0.983272135257721,-0.065732965550605
780,110.85,79872,102,39,142.27907672,0.023397211,358,35.38960956610166,-40.64286540104793,0.0002,19.16243553161621,0.9822463989257812,0.2,0.2522536057692308,0.9835039973258972,-0.06586011271932736
783,110.87,81920,104,40,143.38412469,0.022120653,364,33.42994436363264,-40.6610672129372,0.0002,13.18891716003418,0.9816271066665649,0.2,0.2128793352601156,0.9837612509727478,-0.05975588362104114
787,110.4,83968,106,41,142.16203123,0.029092176,372,36.632236539790064,-40.65953178743346,0.0002,16.78428840637207,0.981660008430481,0.2,0.2614767699115044,0.9838761687278748,-0.07096363144588813
790,110.8,86016,108,42,145.37264265000002,0.022573007,379,38.4188759968831,-40.645790521915146,0.0002,20.45214080810547,0.9813299179077148,0.2,0.2303185096153846,0.9827802777290344,-0.06454186200146349
794,111.14,88064,110,43,147.1864786,0.022753399,385,30.413160303805736,-40.612262928739504,0.0002,19.287015914916992,0.9859653115272522,0.2,0.2399434840425532,0.982023298740387,-0.06342660331296081
797,112.57,90112,113,44,150.68157711,0.024789404,392,35.66277497189904,-40.59360420885425,0.0002,20.906103134155273,0.9838036894798279,0.2,0.22390545685279187,0.9815970659255981,-0.06173921335100901
799,112.63,92160,115,45,153.00955520999997,0.022868875,400,39.30363959100048,-40.58147703612215,0.0002,20.78785514831543,0.9816794991493225,0.2,0.23840065502183405,0.9810038805007935,-0.06699883938242385
802,113.36,94208,117,46,155.01674869,0.024416585,407,32.71907602635826,-40.57115999547447,0.0002,19.232637405395508,0.9832037687301636,0.2,0.24733231707317074,0.9808769226074219,-0.06762362886220216
805,112.73,96256,119,47,153.77211073,0.023056794,414,33.31223653632904,-40.5642387889256,0.0002,15.928251266479492,0.9845444560050964,0.2,0.25569509345794394,0.980810284614563,-0.07045073116145958
807,112.84,98304,121,48,156.27873438,0.023401985,421,30.79496566109035,-40.543821344053114,0.0002,15.094538688659668,0.9852076172828674,0.2,0.22667572463768115,0.9794914722442627,-0.06450672661390713
810,112.69,100352,123,49,157.13098527,0.022715962,427,33.5858731412602,-40.543363171423266,0.0002,9.159109115600586,0.9850132465362549,0.2,0.20237649700598803,0.9802955389022827,-0.057636487269829846
811,112.4,102400,126,50,156.17825811,0.022238975,437,41.286591374874114,-40.549412155151366,0.0002,17.371387481689453,0.9807380437850952,0.2,0.277490234375,0.980317234992981,-0.07504357388679636
814,112.52,104448,128,51,154.49672218,0.024065882,444,32.89473717103755,-40.56218084345009,0.0002,14.514801979064941,0.9850603938102722,0.2,0.23794416243654823,0.9810805320739746,-0.06449981164281743
816,111.96,106496,130,52,152.80020080999998,0.023300264,451,29.63943201573051,-40.5561939987106,0.0002,17.1874942779541,0.9853867292404175,0.2,0.23625942211055276,0.9801599979400635,-0.06410047804571725
819,112.75,108544,132,53,155.0362276,0.024515491,458,26.341947827339173,-40.54402109146118,0.0002,10.141963958740234,0.9870004057884216,0.2,0.24265625,0.9803499579429626,-0.0643522949423641
821,113.18,110592,134,54,156.09068051,0.021562696,464,31.14317783665013,-40.541002304489545,0.0002,12.377208709716797,0.9851710796356201,0.2,0.22381756756756757,0.9798484444618225,-0.0635911877392917
824,113.51,112640,136,55,156.72655741,0.022906063,471,35.41683737131265,-40.529393727962784,0.0002,16.607994079589844,0.982295036315918,0.2,0.23152043269230768,0.9796801209449768,-0.06641808068917061
827,113.41,114688,138,56,157.63374359999997,0.01964344,475,27.758831877862253,-40.53619243252662,0.0002,11.789369583129883,0.9878358244895935,0.2,0.18283770161290322,0.980454683303833,-0.05130306493505956
829,113.71,116736,140,57,159.63216938000002,0.024000613,482,29.39581398263362,-40.550417045846366,0.0002,13.5746488571167,0.9861636757850647,0.2,0.2428169431279621,0.9806251525878906,-0.06840987185731319
830,113.94,118784,143,58,159.79009607,0.024466582,490,28.6490730737385,-40.54674389487818,0.0002,17.64966583251953,0.9870033264160156,0.2,0.25890899122807015,0.9806452393531799,-0.07005806757635519
832,113.57,120832,145,59,159.70252211,0.02140382,496,26.727476003322195,-40.51994380545109,0.0002,13.415658950805664,0.9878582954406738,0.2,0.24376662234042554,0.9791194796562195,-0.06517879816733221
830,113.44,122880,147,60,159.34970687999999,0.031795673,502,29.255811957839114,-40.5176120307875,0.0002,15.44426155090332,0.9869164824485779,0.2,0.20526009316770186,0.979749858379364,-0.05758795848474925
828,113.16,124928,150,61,160.80248838,0.022946414,510,33.58976586520932,-40.47800363932114,0.0002,14.048273086547852,0.9836438298225403,0.2,0.23962882096069868,0.9775436520576477,-0.06810037252456601
830,113.61,126976,152,62,162.34265526000002,0.022536254,516,29.584054267843356,-40.45433965153719,0.0002,9.048837661743164,0.9863097071647644,0.2,0.2368291884816754,0.9776228666305542,-0.06268222205808961
832,114.17,129024,154,63,163.29402113999998,0.025399918,522,29.84854048161419,-40.437735036838276,0.0002,14.71859359741211,0.9853243827819824,0.2,0.2102185582822086,0.9765678644180298,-0.05920343802659058
834,114.89,131072,157,64,166.12880949,0.024184586,529,28.764376741676514,-40.41199508150994,0.0002,10.370619773864746,0.9867681860923767,0.2,0.25339673913043476,0.975857675075531,-0.06639622477589598
835,115.53,133120,159,65,167.13243079,0.021119935,535,29.62677956675435,-40.3868886926672,0.0002,20.478431701660156,0.9873320460319519,0.2,0.21806318681318682,0.9747713208198547,-0.062405344006697554
835,116.16,135168,161,66,169.36162223,0.024603851,545,30.626641670075973,-40.34497232720403,0.0002,14.054616928100586,0.9850971698760986,0.2,0.28589108910891087,0.9735329747200012,-0.07562311215590525
837,116.97,137216,163,67,167.58604316,0.024179729,552,25.636247493950606,-40.32430906248797,0.0002,5.627399921417236,0.9875931739807129,0.2,0.2494612068965517,0.9729492664337158,-0.06730962809395467
839,117.01,139264,165,68,167.35311241000002,0.022886012,559,28.52492535729923,-40.322622630517806,0.0002,11.151473045349121,0.986871600151062,0.2,0.24691901408450703,0.9732051491737366,-0.06730358853953684
840,117.93,141312,168,69,169.98409635,0.023864416,567,29.1022530263784,-40.32185251664142,0.0002,17.061552047729492,0.9860361218452454,0.2,0.26607142857142857,0.9729485511779785,-0.07251580916725252
841,118.86,143360,170,70,171.99056245999998,0.036131587,575,27.324975204467773,-40.334681023491754,0.0002,12.656489372253418,0.9876335859298706,0.2,0.2629861111111111,0.9740073084831238,-0.06910678380893337
844,119.06,145408,172,71,174.00753618000002,0.03238684,580,27.880465012188104,-40.337254871693695,0.0002,7.542721748352051,0.9879888892173767,0.2,0.1925872093023256,0.9736751317977905,-0.05321539230933485
845,119.98,147456,174,72,175.40033888999997,0.023513015,587,22.40731587919217,-40.33987789709591,0.0002,14.460853576660156,0.990352213382721,0.2,0.2602396844660194,0.9741063714027405,-0.06907936953035301
846,120.08,149504,176,73,177.72044909,0.023576697,594,26.186457411756795,-40.33217117161427,0.0002,13.202071189880371,0.9887519478797913,0.2,0.24158070388349515,0.9731096029281616,-0.06544901120467382
846,120.18,151552,178,74,179.03573154999998,0.022677874,602,30.72020448676843,-40.30226543410815,0.0002,9.711268424987793,0.98612380027771,0.2,0.2559156378600823,0.9723846316337585,-0.06862861289232662
848,119.56,153600,181,75,177.90989391,0.021651845,608,37.014668036363794,-40.2998746997582,0.0002,16.183395385742188,0.9841542840003967,0.2,0.19180389221556887,0.9722896814346313,-0.05732772652405554
848,118.84,155648,183,76,176.30747239000004,0.024288654,615,26.526993292853945,-40.28873278299967,0.0002,9.727880477905273,0.9888712167739868,0.2,0.2558779761904762,0.9721775054931641,-0.06768035172440466
849,118.92,157696,185,77,177.36024428000002,0.02393751,621,24.450037540273463,-40.274186722775724,0.0002,12.410428047180176,0.9884456396102905,0.2,0.2523271276595745,0.9717462658882141,-0.0654509819021072
850,120.18,159744,187,78,180.99988395999998,0.02222973,628,28.62306569849403,-40.260910904523236,0.0002,16.283090591430664,0.9871343970298767,0.2,0.23725728155339806,0.9714570641517639,-0.06526245284391549
851,119.47,161792,189,79,181.00895411000005,0.024224943,636,32.9839976694574,-40.23871348210885,0.0002,12.789498329162598,0.9850152730941772,0.2,0.2630316390041494,0.9702873229980469,-0.07354891299814975
853,119.8,163840,191,80,181.67272615000005,0.023591079,641,25.779398830224437,-40.229578058770365,0.0002,11.53818416595459,0.9894734025001526,0.2,0.20999556737588654,0.9703423976898193,-0.057610720178072755
854,120.34,165888,194,81,185.48068532000002,0.023586802,650,31.65650813119453,-40.22990114981668,0.0002,13.241973876953125,0.9857213497161865,0.2,0.27203947368421055,0.9703031778335571,-0.07524047478575978
855,120.65,167936,196,82,187.40153378,0.023331473,657,26.43260606940912,-40.23037421946623,0.0002,12.930292129516602,0.9890262484550476,0.2,0.24912308673469388,0.9706662893295288,-0.06785400004876892
856,120.67,169984,198,83,188.0420079,0.023100048,665,29.80610111618042,-40.24088082885742,0.0002,20.536893844604492,0.9875470995903015,0.2,0.2701875,0.9706712961196899,-0.0704401076734066
856,119.37,172032,200,84,186.01174669,0.023294203,675,37.08327306386244,-40.246678121066175,0.0002,15.246719360351562,0.9847496151924133,0.2,0.2703488372093023,0.971081554889679,-0.0752644307680886
858,120.55,174080,202,85,188.40022186000002,0.022191938,681,24.11729377746582,-40.239620710100446,0.0002,14.044872283935547,0.9902403950691223,0.2,0.24116071428571428,0.9702576994895935,-0.061413776326392375
859,120.24,176128,204,86,189.47833220999996,0.025176492,688,27.17126695392201,-40.2020843283644,0.0002,11.312252044677734,0.98846036195755,0.2,0.2725273058252427,0.9692896008491516,-0.07216984490203915
860,118.85,178176,206,87,186.04077292000002,0.029066926,693,23.11485703300884,-40.18017892619126,0.0002,10.294344902038574,0.9909636974334717,0.2,0.21958492366412213,0.9687684178352356,-0.055854898845449884
861,119.59,180224,209,88,187.29484439999996,0.02614611,703,32.26716881255581,-40.158798439861975,0.0002,10.982287406921387,0.9861493706703186,0.2,0.2740796232876712,0.9675685167312622,-0.0731896060273332
861,119.28,182272,211,89,187.83369867000002,0.022342354,711,34.60522088848177,-40.13211763100546,0.0002,23.65338134765625,0.9863008260726929,0.2,0.25332991803278687,0.9670825004577637,-0.06793990991169922
863,119.2,184320,213,90,188.98979187,0.023025025,717,27.63249906679479,-40.129954500896176,0.0002,14.84868049621582,0.988298773765564,0.2,0.22179878048780488,0.9669838547706604,-0.056084076808651954
864,118.23,186368,215,91,186.35907521999997,0.023063153,723,25.946120151253634,-40.117195772570234,0.0002,10.891945838928223,0.9900830984115601,0.2,0.23873546511627908,0.9665353298187256,-0.06144830981150356
865,118.65,188416,217,92,185.93827976999998,0.0241114,730,27.357688192111343,-40.11035816705049,0.0002,13.481368064880371,0.9880509376525879,0.2,0.2423818407960199,0.9662826061248779,-0.06566393410842587
866,119.54,190464,219,93,187.61057976999996,0.025993677,736,23.954630208302692,-40.10302957282009,0.0002,9.399721145629883,0.990061342716217,0.2,0.22995105421686746,0.9660420417785645,-0.05900041610900178
868,119.22,192512,221,94,186.14117964000002,0.021450818,740,21.48420018909358,-40.076839350852644,0.0002,10.317712783813477,0.9913354516029358,0.2,0.1794905462184874,0.9649109840393066,-0.04751389619244748
869,119.53,194560,223,95,185.00569574000002,0.02277864,746,29.40541266820517,-40.059375946780285,0.0002,13.514463424682617,0.9879001379013062,0.2,0.20500753012048192,0.9650899767875671,-0.05767384956237378
870,119.47,196608,225,96,182.89712369,0.023585204,752,25.093343039353687,-40.07394935687383,0.0002,11.857876777648926,0.9890432953834534,0.2,0.2679036458333333,0.9654945731163025,-0.06805638579680817
870,119.21,198656,228,97,184.21082404,0.025176665,760,26.732582079791605,-40.056567429455086,0.0002,12.839031219482422,0.9886532425880432,0.2,0.26043941048034935,0.9644941091537476,-0.07183000616379505
872,119.91,200704,230,98,185.62555666,0.01644579,763,30.872633695602417,-40.03457482655843,0.0002,13.885698318481445,0.987544596195221,0.2,0.13736979166666666,0.9638732671737671,-0.039636513751853876
873,120.49,202752,232,99,187.10138623999998,0.023954412,769,28.789082594877165,-40.00814440123428,0.0002,11.711221694946289,0.988060474395752,0.2,0.2288276627218935,0.9630166292190552,-0.06152781737780959
874,120.34,204800,234,100,187.90714311000002,0.028759053,776,27.151939191573707,-39.98220165937375,0.0002,14.645989418029785,0.988355815410614,0.2,0.26161858974358976,0.9623450040817261,-0.06593153768051893
876,120.59,206848,236,101,190.20308062,0.022083918,781,25.16627343908533,-39.96424461959244,0.0002,11.735342025756836,0.9902815222740173,0.2,0.2262581168831169,0.9616743326187134,-0.06249471562128369
877,121.02,208896,238,102,192.84698057000006,0.023977928,787,29.528655790869212,-39.94779198707184,0.0002,24.851118087768555,0.9888007640838623,0.2,0.2282333815028902,0.961224377155304,-0.05972579527226401
878,121.98,210944,240,103,194.58079567999997,0.022272054,792,25.48858054255096,-39.940416416651765,0.0002,12.078288078308105,0.9904420971870422,0.2,0.20433538732394366,0.9612100720405579,-0.053901006998887786
879,122.32,212992,242,104,196.38328715,0.030148938,798,24.615806638824274,-39.92309705366999,0.0002,12.103299140930176,0.9903427362442017,0.2,0.21904114906832298,0.9602108597755432,-0.06019269283687383
880,122.27,215040,244,105,199.19540847000005,0.0219935,804,34.49831823919011,-39.90014367816092,0.0002,12.591781616210938,0.9872804284095764,0.2,0.21785201149425287,0.9596683979034424,-0.06009373442141403
881,122.71,217088,246,106,201.13099380999992,0.026373353,810,28.185971542640967,-39.89959627316322,0.0002,10.377314567565918,0.989902913570404,0.2,0.23013117283950618,0.9602551460266113,-0.06042975870271524
881,122.71,219136,248,107,199.84433295000002,0.024412148,816,25.772031565181546,-39.92242904829849,0.0002,9.626713752746582,0.9904481768608093,0.2,0.24906079234972678,0.9610022902488708,-0.06570673584200117
882,122.59,221184,250,108,200.11652890999997,0.02356753,824,28.46570335909066,-39.92011196642037,0.0002,14.448409080505371,0.9879347085952759,0.2,0.2623619477911647,0.9603360891342163,-0.07133209315244572
882,122.29,223232,252,109,199.47276113,0.02513994,831,30.00765932347786,-39.89123097104889,0.0002,11.886011123657227,0.9884307980537415,0.2,0.2720544258373206,0.9593412280082703,-0.06915219358511661
883,122.02,225280,255,110,198.47090646999996,0.026472736,838,25.224502694850067,-39.87369087764195,0.0002,6.515852928161621,0.9901670217514038,0.2,0.2593271683673469,0.9589625000953674,-0.06690392105208177
884,120.86,227328,257,111,196.03718928,0.021111533,844,34.85029697999722,-39.86783913868229,0.0002,21.467866897583008,0.9871190190315247,0.2,0.19264481707317074,0.9591997265815735,-0.05558698456847995
884,120.94,229376,259,112,195.52953942999997,0.031304102,852,28.006582226223415,-39.86268563164605,0.0002,12.35232162475586,0.9878575801849365,0.2,0.2586805555555556,0.95838862657547,-0.07053230589876572
885,121.26,231424,261,113,197.06556917999998,0.031376407,858,27.259861815790213,-39.83292121176394,0.0002,10.60659122467041,0.9895184636116028,0.2,0.22855201863354038,0.9574712514877319,-0.05936063061358396
886,121.69,233472,263,114,198.06080633000002,0.023184061,864,23.521207814494137,-39.806547356661035,0.0002,13.574973106384277,0.990351140499115,0.2,0.2560350529100529,0.9569948315620422,-0.06769350379774416
886,122.33,235520,265,115,199.92300351999998,0.025579501,871,31.877897839546204,-39.78651113510132,0.0002,13.630553245544434,0.9862210750579834,0.2,0.247265625,0.9559757113456726,-0.06586720739956946
887,123.02,237568,267,116,201.70520627999997,0.023912601,877,29.982011273327995,-39.77262829051298,0.0002,14.453817367553711,0.9891573786735535,0.2,0.23566176470588235,0.9559397101402283,-0.06066173850558698
888,124.38,239616,269,117,203.29294517,0.025362758,883,20.59198879442717,-39.76151978342157,0.0002,8.07618522644043,0.9918133616447449,0.2,0.2736019736842105,0.9556729793548584,-0.06872798900217994
888,124.85,241664,271,118,205.51002842999998,0.022819366,888,26.80479579501682,-39.75792242810617,0.0002,12.031818389892578,0.9899623394012451,0.2,0.22436683006535948,0.9554439783096313,-0.0600110895876937
889,125.02,243712,273,119,206.42170405000002,0.023588441,893,21.79857468914676,-39.732934803157654,0.0002,8.857804298400879,0.9916216731071472,0.2,0.23609983766233766,0.9542816281318665,-0.059496525227539725
891,125.23,245760,275,120,207.26779451,0.026093794,898,18.002574311769926,-39.71825898977426,0.0002,5.748381614685059,0.9932815432548523,0.2,0.221875,0.9541283845901489,-0.05476940010602658
891,125.39,247808,277,121,209.26698292,0.02378335,905,30.31521075993628,-39.7174904097372,0.0002,15.934091567993164,0.9886706471443176,0.2,0.23911691542288557,0.9541469812393188,-0.06691331537764761
892,124.74,249856,279,122,208.68636015,0.021935785,911,26.434481916756464,-39.71980886349733,0.0002,12.028814315795898,0.9902478456497192,0.2,0.2315912356321839,0.954434871673584,-0.06302504489150156
893,124.22,251904,281,123,207.39297236999994,0.022370493,917,30.199187657919275,-39.711125638111525,0.0002,17.59600830078125,0.9884185791015625,0.2,0.23126882530120482,0.9536591172218323,-0.060820494427805745
894,124.2,253952,283,124,206.84101201000001,0.027058091,923,25.451094430865663,-39.68535801280628,0.0002,12.419781684875488,0.9907741546630859,0.2,0.25369318181818185,0.9528759717941284,-0.06322459813602495
894,124.29,256000,286,125,207.00520183999998,0.021973578,929,28.18436765395148,-39.685812183887286,0.0002,13.316216468811035,0.9887945652008057,0.2,0.21911127167630057,0.9533461928367615,-0.06095241821462536
896,125.13,258048,287,126,207.25188615,0.021187559,933,20.679286408213386,-39.67601556693558,0.0002,11.281816482543945,0.992399275302887,0.2,0.1894358407079646,0.952115535736084,-0.048757858310653046
896,124.46,260096,290,127,206.97991865,0.027272891,940,33.63972030226717,-39.65042800510052,0.0002,13.762264251708984,0.9870699644088745,0.2,0.20755476804123713,0.9520796537399292,-0.06157529516836878
897,124.94,262144,292,128,207.91832952999994,0.023038406,946,30.38910415324759,-39.64569177018835,0.0002,14.178159713745117,0.987671971321106,0.2,0.23844747340425532,0.9520038366317749,-0.06424554486441961
898,126.19,264192,294,129,211.99560526999997,0.023397407,950,25.505220831008184,-39.630818575904485,0.0002,11.8132963180542,0.9907254576683044,0.2,0.17961309523809524,0.9509697556495667,-0.046573794406971764
898,127.22,266240,296,130,214.07368013000004,0.023778547,956,26.29058688770641,-39.60457409945401,0.0002,14.52839469909668,0.9900571703910828,0.2,0.21401515151515152,0.9502757787704468,-0.05778129375398611
900,128.21,268288,298,131,218.25490700000003,0.02346159,960,29.54759854018086,-39.59593551327484,0.0002,10.945035934448242,0.990288257598877,0.2,0.12799873737373738,0.9503664374351501,-0.03837447483656985
900,128.57,270336,300,132,221.29817431999996,0.021721076,965,24.968798532114402,-39.577291439105935,0.0002,10.521031379699707,0.9914610981941223,0.2,0.21814123376623376,0.9494057893753052,-0.058445753411740645
901,128.52,272384,302,133,219.29173857999996,0.022554355,971,31.310723133301465,-39.53865046983355,0.0002,12.979951858520508,0.9896093010902405,0.2,0.22226123595505617,0.9477452635765076,-0.062172228907329145
901,129.53,274432,304,134,222.09066192999998,0.022609103,976,28.650529162898945,-39.48221767935783,0.0002,15.476696014404297,0.9897897243499756,0.2,0.22322850318471338,0.9460008144378662,-0.061958537063306306
902,129.79,276480,306,135,221.08716848999995,0.023519253,981,26.032283433049702,-39.45482218351295,0.0002,7.395317077636719,0.990929126739502,0.2,0.19503147482014388,0.9458188414573669,-0.05389366871107825
902,128.77,278528,308,136,219.70105021999996,0.022621501,988,32.33939225602858,-39.43937762420956,0.0002,13.159873962402344,0.9873626828193665,0.2,0.21000928217821782,0.9450256824493408,-0.06131141451141327
902,127.74,280576,310,137,215.87976679,0.022640565,994,29.29172872693351,-39.41380337918742,0.0002,16.796356201171875,0.9886490106582642,0.2,0.22357794943820225,0.9440729022026062,-0.06281351434129677
902,128.08,282624,313,138,215.49883678000003,0.022687009,999,31.921851789447622,-39.38053671071227,0.0002,10.767624855041504,0.9888709783554077,0.2,0.2051056338028169,0.942923367023468,-0.05587433263475836
903,128.44,284672,315,139,216.32438227000006,0.020287642,1003,28.188504260161828,-39.35409710325044,0.0002,16.694536209106445,0.990189790725708,0.2,0.17780172413793102,0.9423846006393433,-0.04848066846647396
903,127.82,286720,317,140,215.93268733000002,0.022747869,1008,28.33949268604147,-39.3359218992036,0.0002,11.20945930480957,0.9894003868103027,0.2,0.20883620689655172,0.9421565532684326,-0.0576882915121728
903,128.55,288768,319,141,217.41064250999997,0.02515093,1014,21.40766936854312,-39.333172246029505,0.0002,11.592485427856445,0.9923075437545776,0.2,0.26825657894736843,0.9419934749603271,-0.06829539894763577
903,129.27,290816,321,142,221.56186522999997,0.02903614,1021,35.39794266101011,-39.32690274346735,0.0002,12.686553955078125,0.9865477085113525,0.2,0.21657538659793815,0.9417684674263,-0.05623412574281359
904,129.74,292864,323,143,221.66887088,0.026926408,1027,37.60330800656919,-39.31637457859369,0.0002,21.105728149414062,0.9873906970024109,0.2,0.2099729938271605,0.9415994882583618,-0.061631017755487086
905,128.84,294912,325,144,219.55255511,0.023534527,1031,27.219001592374315,-39.30430128060135,0.0002,9.650822639465332,0.9911975264549255,0.2,0.1792279411764706,0.941085696220398,-0.04771240563223175
905,128.46,296960,327,145,219.43589903000003,0.025174499,1039,77.9317645944398,-39.29508118793882,0.0002,13.099050521850586,0.9396635293960571,0.2,0.2515490301724138,0.940731942653656,-0.05128433181029134
906,127.88,299008,329,146,218.73524642999996,0.021359732,1043,24.98230609893799,-39.27818212094514,0.0002,8.161418914794922,0.9916172623634338,0.2,0.20828804347826088,0.940237283706665,-0.04890852356734483
907,128.4,301056,331,147,220.27095714999996,0.02623908,1050,25.518965051631735,-39.27248465412795,0.0002,13.063045501708984,0.9905247092247009,0.2,0.2534722222222222,0.9405397772789001,-0.06431089933829928
907,127.69,303104,333,148,217.33349715,0.023216365,1055,28.051825120145043,-39.27207462899637,0.0002,15.835733413696289,0.9892781376838684,0.2,0.20648070469798657,0.9404735565185547,-0.05337508043411794
908,128.51,305152,335,149,218.26886197,0.029834319,1060,25.128828078049878,-39.28435275738056,0.0002,12.627158164978027,0.9913736581802368,0.2,0.19483173076923077,0.9412785172462463,-0.05313404342159629
909,129.21,307200,337,150,219.07516229,0.022951586,1065,31.801033506457436,-39.281349079720925,0.0002,16.017833709716797,0.9894430041313171,0.2,0.2111996644295302,0.9403609037399292,-0.057691620181520915
910,131.3,309248,339,151,225.51261138000007,0.034204118,1070,22.362385498460874,-39.244116908820104,0.0002,9.423911094665527,0.9916960597038269,0.2,0.2215358527131783,0.9392426609992981,-0.05513113667076641
911,130.97,311296,341,152,226.20154641999997,0.024234198,1076,30.463382665501083,-39.21914346828017,0.0002,15.8712739944458,0.9898167848587036,0.2,0.23019622093023256,0.9388676285743713,-0.06278367961626934
911,132.04,313344,343,153,228.82913147999997,0.023008693,1081,25.383573798572314,-39.2191416796516,0.0002,8.868915557861328,0.9917142987251282,0.2,0.21495863970588236,0.9388611912727356,-0.05693629546337487
912,131.27,315392,345,154,227.90232216000004,0.024645196,1086,29.309896999731997,-39.20928197875059,0.0002,18.719518661499023,0.9906179904937744,0.2,0.20700187969924813,0.9384886622428894,-0.055103059788059475
911,131.25,317440,348,155,230.83582689999994,0.024257878,1096,36.05233311410677,-39.190579171908105,0.0002,12.448824882507324,0.9746342897415161,0.2,0.26626059322033896,0.9378427863121033,-0.060208189698977996
912,132.18,319488,350,156,233.57729518,0.0234033,1100,26.87822201138451,-39.19171967279343,0.0002,14.717073440551758,0.9916074872016907,0.2,0.19032738095238094,0.9383636713027954,-0.04785788599401712
912,131.52,321536,352,157,234.28357412000003,0.022633547,1105,29.918762800709302,-39.17778058083642,0.0002,12.695487022399902,0.9899231195449829,0.2,0.21295529801324503,0.9370404481887817,-0.05798750030283897
911,131.06,323584,354,158,234.0784225,0.033572268,1113,38.49558709038629,-39.17019219292535,0.0002,14.069734573364258,0.9872705936431885,0.2,0.22354166666666667,0.937775731086731,-0.06140062485718065
912,131.65,325632,356,159,233.54658518,0.023140676,1118,30.919602760901817,-39.18254148043119,0.0002,11.103045463562012,0.9892115592956543,0.2,0.2180944055944056,0.9378453493118286,-0.054374107856537915
912,131.69,327680,359,160,231.79259008999998,0.021824235,1123,53.24036567983493,-39.18979875806352,0.0002,46.5303840637207,0.9725154042243958,0.2,0.176056338028169,0.9380567669868469,-0.0399826182524713
912,131.95,329728,361,161,232.72630767,0.021496123,1129,33.52082164029041,-39.18223268439971,0.0002,14.6698637008667,0.9883452653884888,0.2,0.21234939759036145,0.9375266432762146,-0.05779622274125556
913,130.57,331776,363,162,229.37704658999996,0.024213992,1134,26.698904435928554,-39.177538623548536,0.0002,9.425016403198242,0.9912543892860413,0.2,0.22902397260273974,0.9374813437461853,-0.0589705004726779
913,132.06,333824,365,163,229.98564679000003,0.026231155,1139,22.74057142358077,-39.15631427621483,0.0002,6.622147560119629,0.9925591349601746,0.2,0.22086466165413535,0.9366621375083923,-0.05534705099530686
913,132.73,335872,367,164,228.08743754000002,0.021984367,1144,26.45429207868637,-39.135900169421156,0.0002,14.325319290161133,0.9908460378646851,0.2,0.21536624203821655,0.9359084963798523,-0.059031906169928185
912,132.15,337920,370,165,230.52689487000004,0.023196647,1152,40.66755472512609,-39.094434316857274,0.0002,10.050868034362793,0.9763608574867249,0.2,0.2579066265060241,0.9338625073432922,-0.058272455459887004
913,133.18,339968,371,166,232.99316175000004,0.021888945,1156,28.535022163391112,-39.06555428938432,0.0002,12.676698684692383,0.9910938739776611,0.2,0.18892045454545456,0.9341616630554199,-0.046093985362147746
914,134.25,342016,373,167,236.44564097,0.021779144,1160,25.47660275040386,-39.076925152930144,0.0002,12.464706420898438,0.9920170307159424,0.2,0.18516355140186916,0.934607982635498,-0.047656055502854636
915,135.65,344064,375,168,239.40813667000003,0.021253917,1164,27.765543024764103,-39.083154890272354,0.0002,10.631877899169922,0.9910326600074768,0.2,0.18830128205128205,0.9345571398735046,-0.04734651624965362
916,136.03,346112,377,169,242.29440309000006,0.019381238,1167,24.113908792796888,-39.074755467866595,0.0002,10.017058372497559,0.9927423000335693,0.2,0.13548519736842105,0.9342660307884216,-0.0341128827023663
917,135.82,348160,379,170,243.76502906999994,0.020247359,1170,22.040654423725176,-39.070815488516565,0.0002,10.474130630493164,0.9932245016098022,0.2,0.17808734939759036,0.9344581961631775,-0.04091617396572627
918,136.51,350208,381,171,246.21690809000003,0.017206205,1173,26.048115464143976,-39.07011120818382,0.0002,11.683902740478516,0.9920965433120728,0.2,0.12718023255813954,0.9342677593231201,-0.0364712027908671
919,135.81,352256,383,172,246.19647469999995,0.0270322,1179,33.047680392409816,-39.06122431899562,0.0002,15.163554191589355,0.9904747009277344,0.2,0.23570075757575756,0.9342221617698669,-0.05951026540362474
919,135.28,354304,385,173,244.03037162,0.02354711,1183,23.859167335230275,-39.054823674193216,0.0002,11.481732368469238,0.9927770495414734,0.2,0.21000573394495411,0.9338064789772034,-0.04803284921110907
919,135.61,356352,387,174,244.02778993000004,0.033391114,1188,20.244912494984707,-39.05299279856127,0.0002,12.19493579864502,0.9936203360557556,0.2,0.21729651162790697,0.9340411424636841,-0.05442890262433378
919,136.15,358400,389,175,242.16415272000003,0.022184595,1194,32.463954942170965,-39.067521716273106,0.0002,16.04743194580078,0.9906072020530701,0.2,0.25109011627906974,0.9347063899040222,-0.06151135186773053
918,134.93,360448,392,176,241.51374116000002,0.02210578,1204,57.964120271801946,-39.07328989505768,0.0002,34.62234878540039,0.9603391885757446,0.2,0.24853515625,0.9344829320907593,-0.06231426027952693
919,134.92,362496,394,177,240.94001936,0.023801448,1207,20.737980929287996,-39.06869194724343,0.0002,7.875913143157959,0.9935476183891296,0.2,0.17390422077922077,0.9346884489059448,-0.03875275929881768
920,135.51,364544,396,178,240.16822145999998,0.020365192,1211,28.47956927617391,-39.073062388102215,0.0002,11.361648559570312,0.9903406500816345,0.2,0.19166666666666668,0.9347028136253357,-0.048279671444712825
920,136.65,366592,398,179,240.77089869999998,0.024650974,1219,40.18209213094509,-39.06155371158681,0.0002,12.70348072052002,0.9829061627388,0.2,0.24308510638297873,0.9337236881256104,-0.06571588986850482
921,134.12,368640,400,180,237.82200489000002,0.019576756,1224,58.15898329728133,-39.02464806616723,0.0002,27.21729850769043,0.9787499904632568,0.2,0.18192744755244755,0.9326441287994385,-0.05115982464195548
921,135.68,370688,402,181,241.80940520000001,0.025962658,1228,22.688247589837935,-38.992734854561945,0.0002,15.701910972595215,0.9929820895195007,0.2,0.2043154761904762,0.9315264225006104,-0.04785186317527578
922,135.23,372736,404,182,242.17246762000002,0.023929209,1233,31.86117356260058,-38.96752752384669,0.0002,17.240482330322266,0.9892885088920593,0.2,0.21786971830985916,0.9311522841453552,-0.05739035035326132
921,138.12,374784,406,183,244.80318849000003,0.025045654,1243,44.61923112451829,-38.935079478254224,0.0002,15.83823299407959,0.9825442433357239,0.2,0.2758838383838384,0.9297444820404053,-0.07605035633933714
922,137.77,376832,408,184,242.57721028,0.023023335,1250,55.435342657155005,-38.909777805722996,0.0002,16.229520797729492,0.9732774496078491,0.2,0.22837130541871922,0.9291617274284363,-0.05776781158916322
921,138.36,378880,410,185,241.54127066999993,0.025452074,1259,51.79733323870965,-38.905364054553914,0.0002,22.652389526367188,0.9793766736984253,0.2,0.25695754716981134,0.9295679330825806,-0.06520154477220098
922,139.88,380928,413,186,246.39581570999997,0.025513403,1267,57.81774683880911,-38.9248032926988,0.0002,18.14882469177246,0.9774819016456604,0.2,0.2305203744493392,0.9302480220794678,-0.06077827558142958
922,140.1,382976,415,187,246.45306030999996,0.02608239,1273,36.31552552299266,-38.92265333866049,0.0002,19.43834686279297,0.9868425130844116,0.2,0.23063650306748465,0.9300491213798523,-0.05945377265520257
923,140.12,385024,416,188,246.11872015000006,0.020285219,1276,31.817800666712508,-38.92564730100994,0.0002,15.69224739074707,0.9908884763717651,0.2,0.15110759493670886,0.9303652048110962,-0.03710678804819059
923,141.01,387072,419,189,250.30858035,0.024131332,1281,33.78266006180003,-38.90394671959213,0.0002,16.769968032836914,0.9890896081924438,0.2,0.24297863924050633,0.9290089011192322,-0.062787850408025
923,140.63,389120,421,190,251.12785085,0.024345115,1288,41.80829591017503,-38.89925019557659,0.0002,16.16178321838379,0.9834401607513428,0.2,0.23001802884615385,0.929475724697113,-0.062489866643982865
924,142.53,391168,423,191,252.80400229000003,0.025591318,1295,50.024280791379965,-38.91722136127706,0.0002,14.154667854309082,0.9793379902839661,0.2,0.21619897959183673,0.9300147891044617,-0.05391615511949307
923,141.3,393216,425,192,252.91632439,0.022575326,1305,66.70743408203126,-38.913502357119604,0.0002,42.46372985839844,0.9691048264503479,0.2,0.2573412698412698,0.9293044805526733,-0.06832742134611758
924,142.29,395264,427,193,250.45181882999998,0.015474575,1308,62.88744540744358,-38.89841134813097,0.0002,30.039993286132812,0.9814896583557129,0.2,0.10746527777777778,0.9293205738067627,-0.030543096560157006
924,143.61,397312,429,194,253.67830604,0.02428207,1316,61.046121070055456,-38.892096294620174,0.0002,17.68691062927246,0.9778579473495483,0.2,0.25990853658536583,0.928891658782959,-0.06682417119997061
924,143.28,399360,431,195,253.71529879,0.022688964,1323,56.27069794047963,-38.8613211506545,0.0002,25.606733322143555,0.9767225980758667,0.2,0.20699179292929293,0.9277028441429138,-0.056034298733610544
925,142.18,401408,433,196,250.4221827,0.024801647,1329,42.685770759369404,-38.834212063411094,0.0002,11.883516311645508,0.9842237234115601,0.2,0.23908868715083798,0.9269295334815979,-0.05883655802726579
925,141.8,403456,435,197,249.52347799000003,0.02463285,1334,46.244421916937675,-38.794560870284556,0.0002,16.041080474853516,0.984772264957428,0.2,0.24410377358490565,0.9255339503288269,-0.05455615799639772
926,139.83,405504,437,198,249.83487256000004,0.025511606,1340,54.91873741149902,-38.771914239465836,0.0002,33.097415924072266,0.9827010035514832,0.2,0.2109837278106509,0.9251772165298462,-0.05571199216213099
926,140.28,407552,439,199,248.59154861000002,0.023175398,1346,58.78100405481761,-38.74575049577359,0.0002,27.70133399963379,0.9816074371337891,0.2,0.20134730538922155,0.9240838885307312,-0.05347693361297339
926,139.22,409600,441,200,251.929988,0.02381318,1353,54.54050624370575,-38.73444740588848,0.0002,22.687053680419922,0.9809868335723877,0.2,0.23753004807692307,0.9243594408035278,-0.06231716806695868
927,137.78,411648,443,201,250.79189680000002,0.021832483,1355,27.133612119234524,-38.74224080794897,0.0002,11.671170234680176,0.9925329089164734,0.2,0.08934294871794872,0.9247206449508667,-0.010154374779608006
928,137.86,413696,445,202,253.05360355000002,0.021803875,1358,35.17778888647107,-38.74067350746929,0.0002,11.74435043334961,0.9903954267501831,0.2,0.19655797101449277,0.9243760108947754,-0.027897318325720837
929,137.81,415744,447,203,252.27621888,0.022405203,1361,34.76541516894386,-38.74282042185465,0.0002,15.424189567565918,0.9900190234184265,0.2,0.17819940476190477,0.9246528744697571,-0.03854383847543171
930,138.77,417792,449,204,256.02490295,0.024985591,1364,33.26617739060346,-38.75381025426528,0.0002,13.832712173461914,0.9910483360290527,0.2,0.19963235294117648,0.9251471757888794,-0.04223633824902422
930,138.12,419840,451,205,252.95341749000002,0.023088925,1371,54.56970165393971,-38.74814930668584,0.0002,19.507102966308594,0.9741160273551941,0.2,0.23987268518518517,0.9241083860397339,-0.056384440727049005
930,137.64,421888,453,206,256.51150356,0.0230825,1376,41.7040351041158,-38.73410893758138,0.0002,31.13067054748535,0.9867141246795654,0.2,0.21947916666666667,0.9242053031921387,-0.05150679304574927
931,137.47,423936,455,207,255.39085295000004,0.02215437,1379,38.17444057706036,-38.727699279785156,0.0002,21.54883575439453,0.9890749454498291,0.2,0.1629746835443038,0.9238590598106384,-0.035444816783707166
932,139.13,425984,456,208,259.74929619,0.017467251,1382,49.057502537557525,-38.724697896879015,0.0002,17.80076026916504,0.9844056963920593,0.2,0.10188356164383562,0.9240572452545166,-0.02428059061759547
933,138.75,428032,458,209,255.80305199999998,0.019625038,1385,40.831155569657035,-38.72634481347126,0.0002,11.461236953735352,0.9853617548942566,0.2,0.16457201086956522,0.9239032864570618,-0.03146089187256344
932,139.54,430080,461,210,257.53287366000006,0.024164129,1395,53.53211008906364,-38.73321863412857,0.0002,15.054494857788086,0.9776937961578369,0.2,0.278173828125,0.9242956042289734,-0.07046048625925323
933,138.62,432128,462,211,258.96722868,0.023121908,1398,31.660718423348886,-38.73023511156624,0.0002,14.025174140930176,0.9911916851997375,0.2,0.19502314814814814,0.9238807559013367,-0.037291343611331636
934,139.69,434176,464,212,261.60828564999997,0.024205238,1402,35.969935267579324,-38.70617941314099,0.0002,16.12674903869629,0.9901720881462097,0.2,0.18581495098039216,0.9229826331138611,-0.04306005004464703
935,138.81,436224,466,213,259.97047496,0.024956014,1406,52.32611919403076,-38.689277496337894,0.0002,18.168216705322266,0.9817197322845459,0.2,0.15609375,0.9229267239570618,-0.035454531712457535
935,140.52,438272,468,214,261.89687889,0.025865525,1410,29.758112223643177,-38.70072465572717,0.0002,13.919198036193848,0.9922803044319153,0.2,0.21477004716981132,0.9235087037086487,-0.04784811216511957
936,142.43,440320,470,215,264.00607966999996,0.01811115,1413,43.73847579956055,-38.69807337443034,0.0002,17.955114364624023,0.9848377704620361,0.2,0.12208333333333334,0.9231827855110168,-0.025018333500872056
936,143.41,442368,472,216,270.9067987,0.023278024,1420,34.12640883581979,-38.681966963268465,0.0002,11.733255386352539,0.9825376868247986,0.2,0.23683035714285713,0.9222278594970703,-0.05526476197521247
936,143.78,444416,474,217,272.90617366999993,0.022538867,1425,44.21030480322177,-38.65429974298407,0.0002,14.542135238647461,0.9857357740402222,0.2,0.18624543795620438,0.9216576814651489,-0.04705299584902007
937,144.47,446464,476,218,271.27719801,0.024485026,1431,48.26934137905345,-38.63353780858657,0.0002,20.375354766845703,0.9838129878044128,0.2,0.2374080882352941,0.9214023947715759,-0.05377411749213934
936,145.95,448512,478,219,274.68404807,0.023337428,1439,47.55225999919211,-38.610494906476916,0.0002,21.736356735229492,0.9802249670028687,0.2,0.23599585062240663,0.9201182126998901,-0.06104019054895676
936,146.95,450560,481,220,274.83982955,0.022228148,1447,55.63499043523049,-38.58667778482243,0.0002,21.049415588378906,0.9799550771713257,0.2,0.234375,0.9198562502861023,-0.06652036325207779
936,148.44,452608,483,221,277.39608166,0.024060257,1452,42.77517115180172,-38.57381695419995,0.0002,16.55026626586914,0.9881353378295898,0.2,0.18120335820895522,0.9193145632743835,-0.047814114881095604
935,145.85,454656,485,222,273.90827017000004,0.024533156,1460,62.188043472094414,-38.55947546673636,0.0002,19.72662925720215,0.9809169173240662,0.2,0.234508547008547,0.9187225103378296,-0.06154440676158644
936,144.71,456704,487,223,269.22848002,0.025303047,1464,36.888957221553014,-38.5394910056636,0.0002,14.47998046875,0.989915668964386,0.2,0.19545990566037735,0.9184561967849731,-0.04525057632335514
935,144.82,458752,490,224,269.36340161000004,0.025684493,1471,48.917915410663355,-38.52459397956507,0.0002,11.778136253356934,0.9860391616821289,0.2,0.22955534825870647,0.9176576733589172,-0.05734243747356593
935,146.17,460800,492,225,273.59620603999997,0.022945888,1477,53.950213393724034,-38.50951733892364,0.0002,29.176477432250977,0.9811792969703674,0.2,0.1954479768786127,0.9176422357559204,-0.05361589623313677
935,144.16,462848,494,226,270.05092695999997,0.022010857,1485,71.86562260853718,-38.50404979904972,0.0002,30.594900131225586,0.9751981496810913,0.2,0.22282881526104417,0.9171785116195679,-0.0609254857757125
936,146.18,464896,496,227,272.37237617,0.019461202,1488,46.09830038171066,-38.47764627557052,0.0002,21.27501678466797,0.9885178208351135,0.2,0.14782072368421054,0.9163863062858582,-0.03184818622264031
936,145.88,466944,498,228,273.61215743,0.033862792,1495,57.09175627010385,-38.45158801127955,0.0002,15.807653427124023,0.9831743836402893,0.2,0.24895296391752578,0.9156154990196228,-0.059265799023518244
935,147.82,468992,501,229,276.45177924,0.025299015,1505,54.012879709654214,-38.421453439736666,0.0002,20.261474609375,0.98126620054245,0.2,0.28530458860759494,0.9146825671195984,-0.07334559028260881
935,149.68,471040,503,230,282.14883575999994,0.02419746,1511,58.33414864010281,-38.39364660051134,0.0002,13.98935317993164,0.9814941883087158,0.2,0.22795138888888888,0.9141672849655151,-0.05365793553129253
935,150.48,473088,505,231,282.79622055,0.021696089,1517,62.742864768542546,-38.386583777622405,0.0002,54.145076751708984,0.981751561164856,0.2,0.21220549738219896,0.914100170135498,-0.05503826391156665
936,150.13,475136,507,232,284.70691117999996,0.022764735,1520,62.246765746010674,-38.386185805002846,0.0002,43.57005310058594,0.9853149652481079,0.2,0.1430121527777778,0.9141421318054199,-0.024871270379258528
937,149.05,477184,509,233,282.35047246,0.020870166,1524,59.89854091213596,-38.38033506947179,0.0002,26.61723518371582,0.9850945472717285,0.2,0.19380040322580644,0.9138234853744507,-0.04355229559775081
937,147.95,479232,510,234,282.95629394,0.02517056,1527,49.17321448395218,-38.35603056092193,0.0002,27.00250244140625,0.9878296852111816,0.2,0.15104166666666666,0.9126380681991577,-0.03177059286584457
938,148.16,481280,512,235,283.67759985,0.02360663,1530,63.326254815766305,-38.32732593651974,0.0002,68.10302734375,0.9843465685844421,0.2,0.11908143939393939,0.9122409224510193,-0.02344213498078964
938,146.87,483328,514,236,279.98746593,0.02261564,1536,68.65793402208006,-38.31976139089449,0.0002,24.7179012298584,0.9805556535720825,0.2,0.2026127049180328,0.9120691418647766,-0.05284551145315496
938,145.93,485376,517,237,278.50525287,0.023590434,1544,65.1490294216125,-38.32771088825009,0.0002,28.368385314941406,0.9777202606201172,0.2,0.23615345528455284,0.9123401641845703,-0.06260062309693758
938,145.9,487424,519,238,275.40005676,0.021782173,1549,97.00018000929323,-38.31118980825764,0.0002,82.20811462402344,0.9727848172187805,0.2,0.19231592465753425,0.9113681316375732,-0.04536538900271671
938,146.09,489472,521,239,273.60655082,0.023447368,1556,66.95493921227411,-38.290850088137006,0.0002,17.492778778076172,0.9810000658035278,0.2,0.24992832568807338,0.9108523726463318,-0.06172289778563886
938,146.67,491520,523,240,274.11105505,0.024084434,1563,57.204490822140535,-38.25481341144826,0.0002,18.356781005859375,0.9795887470245361,0.2,0.22996596534653466,0.9096958637237549,-0.056156951639026696
938,147.07,493568,525,241,276.02739856,0.021639181,1571,93.58540822282622,-38.24457009230988,0.0002,49.47066116333008,0.9698325395584106,0.2,0.20457542194092826,0.9100664854049683,-0.05863773790364967
939,143.52,495616,527,242,271.35727844,0.022014268,1573,49.0546053952949,-38.25565160706986,0.0002,28.984394073486328,0.987771213054657,0.2,0.11446220930232558,0.9105039238929749,-0.013390183687036815
939,144.18,497664,529,243,275.20031952,0.01860207,1577,77.97898796369445,-38.2551434354962,0.0002,29.431468963623047,0.9804971814155579,0.2,0.1615566037735849,0.91005939245224,-0.035461333422165994
940,144.78,499712,531,244,275.36277373999997,0.022711355,1582,64.78539502870787,-38.253347143426645,0.0002,29.36859703063965,0.9792249202728271,0.2,0.18607954545454544,0.9103088974952698,-0.048869326202706856
940,145.54,501760,533,245,279.4545693,0.021981854,1588,51.759599293300084,-38.26847654070173,0.0002,35.337974548339844,0.9858946204185486,0.2,0.21419642857142857,0.9108138084411621,-0.05562378741800785
