#{"t_start": 1790425569.9661174, "env_id": "None"}
r,l,t,forward_distance,x,height,upright,fallen,episode_step
132.027757,100,1.016633,0.5521386993841754,0.5521386993841754,0.43726261973530905,0.4187786485831864,True,100
129.84659,111,1.106275,0.5848532556483352,0.5848532556483352,0.4131743558804417,0.4322009632809839,True,111
94.264252,92,1.172402,0.4492237113748526,0.4492237113748526,0.5210547850052126,0.44901941571335435,True,92
138.93159,112,1.257702,0.5749940281712357,0.5749940281712357,0.4790056484883717,0.441400132352965,True,112
156.989898,118,1.355587,0.6027514837764543,0.6027514837764543,0.4326055128184045,0.5103354758854373,True,118
134.952651,117,1.452373,0.6224749761505344,0.6224749761505344,0.4336847404804902,0.4661199137912678,True,117
156.711625,128,1.558479,0.5776520697647669,0.5776520697647669,0.42278273235895725,0.4882049444816472,True,128
148.458693,108,1.641741,0.5720548938842909,0.5720548938842909,0.4239494176713573,0.4838083791463723,True,108
134.785744,112,1.731413,0.6090116729103588,0.6090116729103588,0.42438832995880854,0.506933516703056,True,112
125.747963,106,1.818077,0.5366953732011264,0.5366953732011264,0.4230883161195455,0.41681808214828836,True,106
121.941985,110,1.905174,0.5477816346726418,0.5477816346726418,0.4319281233387697,0.4575382379577065,True,110
131.754251,103,1.99118,0.5553622906780226,0.5553622906780226,0.4231330650518341,0.5054731685580934,True,103
118.943793,108,2.075196,0.5263471932195078,0.5263471932195078,0.42787932492718406,0.44685947846744123,True,108
117.231959,110,2.165586,0.5883853229250914,0.5883853229250914,0.43434505750870983,0.4231401837616599,True,110
111.237114,105,2.249267,0.5850852070279715,0.5850852070279715,0.45886149380806285,0.4417433213730362,True,105
159.780646,126,2.345856,0.638813576935064,0.638813576935064,0.4298146912327395,0.40692198056042894,True,126
110.284412,109,2.430899,0.5695383534314415,0.5695383534314415,0.4452089924838022,0.4466301097379171,True,109
143.316853,114,2.517215,0.6243533865661954,0.6243533865661954,0.4329003267858407,0.42121027530883465,True,114
