time/fps,time/iterations,time/time_elapsed,rollout/ep_rew_mean,time/total_timesteps,rollout/ep_len_mean,train/explained_variance,train/loss,train/std,train/clip_range,train/entropy_loss,train/learning_rate,train/value_loss,train/n_updates,train/approx_kl,train/clip_fraction,train/policy_gradient_loss
620,1,3,814.881879,2048,473.5,,,,,,,,,,,
538,2,7,712.9877878888889,4096,440.22222222222223,0.0024262070655822754,860.6110229492188,0.9998446702957153,0.2,-41.14728169441223,0.0002,1376.5797443389893,10,0.016059935,0.18056640625,-0.05111400781170232
508,3,12,653.2304603333333,6144,409.3333333333333,0.04884076118469238,485.8518981933594,1.0013266801834106,0.2,-41.16676470041275,0.0002,1013.2965947151184,20,0.015877787,0.16064453125,-0.04643463137326762
497,4,16,637.3132302105263,8192,401.57894736842104,0.04001009464263916,440.9416198730469,1.0011248588562012,0.2,-41.184437942504886,0.0002,1050.617174720764,30,0.016615488,0.162890625,-0.049465981328103224
488,5,20,670.5095212083334,10240,420.7083333333333,0.05565458536148071,489.8876647949219,1.000270128250122,0.2,-41.174791955947875,0.0002,1234.6432611465455,40,0.016147483,0.15546875,-0.048572469865030145
479,6,25,676.6999974642858,12288,420.32142857142856,0.11078035831451416,523.6432495117188,0.9996205568313599,0.2,-41.14829994440079,0.0002,1089.1395329475404,50,0.017428424,0.17138671875,-0.04916999339184258
474,7,30,698.6673411212122,14336,434.1515151515151,0.1714053750038147,671.0192260742188,0.9975172877311707,0.2,-41.096447587013245,0.0002,1219.0003355026245,60,0.017091585,0.18193359375,-0.053523261050577274
471,8,34,700.1359267837837,16384,441.13513513513516,0.002232074737548828,657.2898559570312,0.9973007440567017,0.2,-41.07067399024963,0.0002,1374.1820156097413,70,0.019231329,0.20625,-0.05870371487981174
470,9,39,703.1925935609755,18432,438.0,0.16342693567276,394.82977294921875,0.996735692024231,0.2,-41.06105717420578,0.0002,825.6895923614502,80,0.022817548,0.255078125,-0.05991641533910297
469,10,43,702.4476283617021,20480,429.8723404255319,0.16975104808807373,516.15625,0.9964099526405334,0.2,-41.04925856590271,0.0002,1495.566771697998,90,0.017413598,0.184228515625,-0.05430550523451529
469,11,47,707.3360855961539,22528,430.86538461538464,0.2555704712867737,546.79052734375,0.9945452213287354,0.2,-41.01361914873123,0.0002,1350.7550537109375,100,0.019169103,0.1873046875,-0.054483785320189784
468,12,52,694.8871125689656,24576,422.9655172413793,0.4280846118927002,392.2198791503906,0.9935072064399719,0.2,-40.960489225387576,0.0002,917.924229335785,110,0.02002671,0.21025390625,-0.053598232775402724
467,13,56,686.3721254603176,26624,418.77777777777777,0.24858766794204712,294.2026672363281,0.9924265742301941,0.2,-40.936664458244074,0.0002,1091.7288244432018,120,0.022092428,0.23150201612903226,-0.05797686028714862
467,14,61,669.2663366666667,28672,411.5507246376812,0.44911491870880127,507.56463623046875,0.9939402937889099,0.2,-40.95518598620524,0.0002,875.8690526565449,130,0.023862468,0.23615771812080538,-0.05674415271754233
466,15,65,672.4015036756756,30720,414.18918918918916,0.54221111536026,276.5816650390625,0.9920241832733154,0.2,-40.93695725116533,0.0002,781.7889024662398,140,0.028462695,0.22911297250859106,-0.05631161919919793
466,16,70,668.6035642784809,32768,413.0379746835443,0.5013871788978577,245.8466796875,0.9881862998008728,0.2,-40.848183193722285,0.0002,674.5919664743784,150,0.022923764,0.22730152027027026,-0.05736003220049866
467,17,74,662.5577035357143,34816,411.6190476190476,0.5392863750457764,230.966796875,0.9869874119758606,0.2,-40.78198128440163,0.0002,727.5013676313921,159,0.022096839,0.21784090909090909,-0.056531052773987706
467,18,78,669.1685223409091,36864,416.02272727272725,0.5400567054748535,258.6578369140625,0.9856249690055847,0.2,-40.7349354537217,0.0002,662.2147748186871,168,0.021242864,0.21847683566433568,-0.055749156162259984
467,19,83,677.7411765376345,38912,418.3225806451613,0.5894457697868347,301.6470947265625,0.9847333431243896,0.2,-40.712895662356644,0.0002,775.796523069724,178,0.021892145,0.2345252403846154,-0.056640363414771855
467,20,87,679.7243536082475,40960,418.9587628865979,0.4403473734855652,461.7714538574219,0.9837061166763306,0.2,-40.68154709060471,0.0002,911.0753620692661,188,0.019829225,0.1888189935064935,-0.054943923923102295
469,21,91,679.21201025,43008,419.07,0.5974158644676208,403.22991943359375,0.9831205010414124,0.2,-40.65600380530724,0.0002,864.7966188870944,197,0.024175428,0.20859375,-0.05778271241400104
469,22,95,675.1640647700001,45056,414.6,0.6862200498580933,383.26593017578125,0.9833893775939941,0.2,-40.65195657301319,0.0002,707.637918516647,206,0.02882942,0.22971172480620156,-0.0587230388096772
469,23,100,661.9748245100002,47104,406.43,0.7342073917388916,209.5227813720703,0.9828380942344666,0.2,-40.65128770282277,0.0002,589.5278725322737,215,0.021430245,0.2147421003717472,-0.05411919249311699
470,24,104,653.5645272099999,49152,398.26,0.7294052839279175,281.0025634765625,0.9832546710968018,0.2,-40.64444411979927,0.0002,450.63035658951645,221,0.022603812,0.2325721153846154,-0.05099700781219935
471,25,108,649.6877616400001,51200,398.8,0.7677226066589355,492.4606628417969,0.9827175736427307,0.2,-40.64592861307079,0.0002,639.6697274569807,231,0.027799068,0.20010775862068966,-0.0554428903225424
471,26,112,635.8542340800001,53248,389.43,0.6505906581878662,164.1557159423828,0.9821590185165405,0.2,-40.61910887601083,0.0002,573.1947914525082,240,0.02244604,0.21326754385964913,-0.056650854472332354
472,27,117,635.5540843400001,55296,388.79,0.7600764632225037,214.56417846679688,0.9801458716392517,0.2,-40.587491357326506,0.0002,419.2945607185364,250,0.021276087,0.21875,-0.05669759501470253
472,28,121,636.63746517,57344,387.99,0.7519711256027222,245.7188720703125,0.9788470268249512,0.2,-40.53168898820877,0.0002,528.9743948936463,260,0.02190492,0.248974609375,-0.06133241859351983
471,29,125,632.06964975,59392,387.31,0.7047880291938782,233.9511260986328,0.9760579466819763,0.2,-40.4735982298851,0.0002,618.112277507782,270,0.022996746,0.251318359375,-0.060835566438618115
471,30,130,625.04626235,61440,383.29,0.7754096984863281,156.96632385253906,0.9753636717796326,0.2,-40.43054830616918,0.0002,567.6104436413996,280,0.02254407,0.22776253918495298,-0.05894535402022886
472,31,134,634.8746782999999,63488,388.3,0.7185801267623901,302.10040283203125,0.9746131896972656,0.2,-40.40565983570405,0.0002,560.488794368549,289,0.022255579,0.2109375,-0.053447027981322066
472,32,138,628.27395255,65536,384.19,0.7867699861526489,194.7152099609375,0.9732254147529602,0.2,-40.37376205921173,0.0002,540.8346380710602,299,0.021857865,0.23017578125,-0.05937828539463226
472,33,142,627.8322457099999,67584,381.0,0.8313142657279968,66.62084197998047,0.9719052314758301,0.2,-40.322943783738324,0.0002,340.3213330744144,309,0.022641905,0.25788884364820847,-0.05945550093081467
473,34,146,627.2693016000001,69632,380.83,0.8366338014602661,145.710693359375,0.9713844060897827,0.2,-40.30636184279983,0.0002,322.9372990238774,316,0.021294804,0.20474380630630631,-0.05259187588770244
474,35,151,625.8445993,71680,375.59,0.8018853068351746,132.56390380859375,0.9714661240577698,0.2,-40.28536915529896,0.0002,449.53654405547354,325,0.022467207,0.23497386759581881,-0.05863446184962936
474,36,155,621.7157543,73728,372.34,0.7838326096534729,191.0134735107422,0.9716642498970032,0.2,-40.29412095874659,0.0002,442.6218558385913,334,0.023183614,0.23141263940520446,-0.055723711799788654
475,37,159,617.82208985,75776,373.29,0.8314574360847473,189.29727172851562,0.970672070980072,0.2,-40.287135800744736,0.0002,339.49846323127423,342,0.02059335,0.1856971153846154,-0.0516865820540354
476,38,163,615.5654010100001,77824,369.1,0.8408875465393066,152.53756713867188,0.9691745638847351,0.2,-40.246457365549865,0.0002,401.49969768088704,349,0.019781519,0.2016267123287671,-0.049328826750590374
477,39,167,602.7377147299999,79872,361.53,0.8375074863433838,321.535888671875,0.9692078828811646,0.2,-40.22376853769476,0.0002,498.0205682407726,355,0.019253109,0.16832386363636365,-0.0436228530597873
477,40,171,620.32019212,81920,370.18,0.8436216115951538,105.20101165771484,0.9684513211250305,0.2,-40.20338487625122,0.0002,366.94662752151487,365,0.021566447,0.225830078125,-0.05785036223242059
477,41,175,628.52942258,83968,375.92,0.8288642764091492,278.2491455078125,0.9689823389053345,0.2,-40.20967811346054,0.0002,386.458541059494,375,0.021936476,0.232080078125,-0.05801414100715192
476,42,180,625.9295965399999,86016,377.46,0.8836503028869629,143.47377014160156,0.9672969579696655,0.2,-40.19010963439941,0.0002,313.5460030555725,385,0.018817255,0.2076171875,-0.055265141103882344
476,43,184,631.7477690400001,88064,377.62,0.8976314067840576,206.55303955078125,0.9659731388092041,0.2,-40.137649548053744,0.0002,292.6187189102173,395,0.019715363,0.196337890625,-0.052918864756065886
475,44,189,623.3953043900001,90112,373.2,0.8902480602264404,249.0275421142578,0.9662107229232788,0.2,-40.13114322698455,0.0002,357.1002803044364,405,0.023524476,0.22905165615141956,-0.05894985714668778
475,45,193,616.006224,92160,368.54,0.9009574055671692,153.61280822753906,0.9660890698432922,0.2,-40.12752928186635,0.0002,251.38476962730533,415,0.023613714,0.23852459016393443,-0.05626495354885205
475,46,197,625.10079079,94208,375.43,0.8964715600013733,88.2640609741211,0.9661661982536316,0.2,-40.13132244439294,0.0002,201.81803452545012,422,0.023434106,0.1842480964467005,-0.04858712334573496
475,47,202,622.62367239,96256,374.3,0.8958601355552673,180.47023010253906,0.9655411839485168,0.2,-40.12207023357523,0.0002,349.16349495197164,432,0.026274785,0.2427262931034483,-0.05771164100071222
475,48,206,630.7043035700001,98304,377.41,0.9042704105377197,94.08121490478516,0.9660967588424683,0.2,-40.11754106355193,0.0002,248.79443753645725,442,0.022927769,0.22336409395973153,-0.056028036302230605
475,49,210,623.7736266600001,100352,372.3,0.895249605178833,152.3644256591797,0.9648457169532776,0.2,-40.102151898572046,0.0002,283.71934420174927,451,0.023442136,0.23762545620437955,-0.05676067867622214
475,50,215,627.13854232,102400,370.35,0.8954111337661743,168.702880859375,0.964142918586731,0.2,-40.07152520982843,0.0002,314.88260909130696,461,0.024917252,0.24958881578947367,-0.06063635026159892
475,51,219,623.86474849,104448,368.91,0.9262320399284363,128.39219665527344,0.9647605419158936,0.2,-40.08286172663633,0.0002,246.4974760861741,471,0.025482038,0.23727448453608246,-0.05701235594400733
475,52,223,613.9811674,106496,362.74,0.9234010577201843,53.21951675415039,0.9654346704483032,0.2,-40.09858908653259,0.0002,193.43076617717742,481,0.021040272,0.22099609375,-0.0575538316348684
475,53,228,611.6541047400001,108544,360.51,0.9177901744842529,95.46915435791016,0.9662047028541565,0.2,-40.12197358608246,0.0002,223.42638022899627,491,0.02046398,0.21669921875,-0.0565271716521238
474,54,232,604.25351289,110592,354.17,0.8687506914138794,88.37057495117188,0.966340184211731,0.2,-40.128466355800626,0.0002,279.8635292291641,501,0.018136857,0.1958984375,-0.05529558534180978
474,55,237,591.18198884,112640,348.87,0.9201716780662537,136.81370544433594,0.9674198627471924,0.2,-40.14679605960846,0.0002,258.4660310745239,511,0.021351874,0.2353515625,-0.06053373017784906
474,56,241,593.01962082,114688,351.73,0.9331278800964355,107.87640380859375,0.9669783115386963,0.2,-40.15399798154831,0.0002,164.98973308801652,521,0.019520853,0.211474609375,-0.05609007002785802
474,57,246,580.8531596800001,116736,343.02,0.9398244023323059,103.92693328857422,0.966910719871521,0.2,-40.1462501667164,0.0002,174.60919795566136,530,0.021799272,0.22627314814814814,-0.05527583605575341
474,58,250,579.62737311,118784,340.72,0.9243214130401611,66.46905517578125,0.9669809937477112,0.2,-40.146253404163176,0.0002,219.11816840917885,540,0.025046028,0.2299638605442177,-0.05752319295820939
474,59,254,584.38967818,120832,341.52,0.9342769980430603,81.54365539550781,0.9670488834381104,0.2,-40.14351277905841,0.0002,215.99301083586937,547,0.019859593,0.19186046511627908,-0.05268519763336625
474,60,259,579.08518378,122880,336.77,0.9309971928596497,109.45896911621094,0.9670956134796143,0.2,-40.15043612718582,0.0002,215.58333172798157,557,0.021323193,0.221728515625,-0.05744505723414477
474,61,263,586.5752224,124928,338.51,0.9589047431945801,25.30640983581543,0.9668700098991394,0.2,-40.14300700776254,0.0002,78.7472240712383,567,0.022616645,0.2520111386138614,-0.062352915543435826
474,62,267,574.21236687,126976,327.56,0.9466999769210815,75.39390563964844,0.9675495624542236,0.2,-40.15080151225245,0.0002,165.07794471563295,574,0.019948667,0.1973110465116279,-0.04763822620734572
474,63,271,563.8051124699999,129024,321.71,0.9381661415100098,111.2621078491211,0.9666511416435242,0.2,-40.14338036775589,0.0002,175.7558963775635,584,0.020594046,0.217041015625,-0.05761766580399126
474,64,275,554.67030958,131072,320.0,0.9615071415901184,35.093894958496094,0.9665225744247437,0.2,-40.122302981086705,0.0002,108.40460748637553,593,0.022581983,0.2354624542124542,-0.05891583458394249
474,65,280,551.76712878,133120,319.26,0.9575059413909912,44.08671951293945,0.9660810232162476,0.2,-40.11675646305084,0.0002,113.34153594970704,603,0.022295997,0.257080078125,-0.06166984786104877
475,66,284,541.24702168,135168,316.82,0.9479942917823792,69.2526626586914,0.9660122394561768,0.2,-40.1132041580823,0.0002,154.05394219379036,610,0.02268063,0.20432079081632654,-0.04667000260622221
475,67,288,542.51822792,137216,316.48,0.9526745080947876,72.52357482910156,0.9650775194168091,0.2,-40.09351310316836,0.0002,137.88439789920076,619,0.021899786,0.21604241877256317,-0.05503876720107957
475,68,293,539.5230226900001,139264,314.72,0.9627407193183899,36.76647186279297,0.9637409448623657,0.2,-40.052756786346436,0.0002,82.34594271183013,629,0.021054724,0.2259765625,-0.058080439011973795
474,69,297,535.3850663400001,141312,312.67,0.9561226963996887,59.02654266357422,0.9643453359603882,0.2,-40.05036482810974,0.0002,130.16723009347916,639,0.021166537,0.23955078125,-0.06128499330225168
475,70,301,534.6664746,143360,312.66,0.9605606198310852,65.55501556396484,0.9640024900436401,0.2,-40.05251747522599,0.0002,126.96919695536296,647,0.021621617,0.20419337606837606,-0.05267845084850923
475,71,306,537.7466544,145408,314.57,0.9589719176292419,86.1003646850586,0.963208794593811,0.2,-40.025613630519196,0.0002,131.687182524625,656,0.021715512,0.21748621323529413,-0.057910614417564565
474,72,310,549.5077298399999,147456,318.93,0.9389587640762329,70.13347625732422,0.9615956544876099,0.2,-39.995499785160305,0.0002,213.01692805496165,666,0.02225682,0.24008513289036545,-0.05935278359144629
474,73,314,539.2609007799999,149504,316.34,0.9613789319992065,68.34512329101562,0.9605535864830017,0.2,-39.95867398579915,0.0002,146.00003694604945,675,0.021138674,0.2204861111111111,-0.056753008795419224
474,74,319,543.45227166,151552,317.98,0.9639919400215149,33.31615447998047,0.9600886702537537,0.2,-39.93066691160202,0.0002,104.9194092988968,685,0.021577822,0.231201171875,-0.06119152353494428
474,75,323,538.8119666599999,153600,315.25,0.9648451805114746,58.86777877807617,0.9588466882705688,0.2,-39.90436085367698,0.0002,149.61416680095104,695,0.032636695,0.23432093425605535,-0.05572707797513443
474,76,327,541.5482370599999,155648,315.21,0.9649738073348999,48.913490295410156,0.9583109617233276,0.2,-39.87813715859065,0.0002,110.95708547925192,705,0.021104915,0.2263888888888889,-0.058018660829180765
474,77,332,533.60122633,157696,313.71,0.9667392373085022,45.994476318359375,0.9564152359962463,0.2,-39.8384828209877,0.0002,148.76040689945222,715,0.021108463,0.235791015625,-0.05752992138441186
474,78,336,529.95891109,159744,310.49,0.9724104404449463,38.48371505737305,0.9561774134635925,0.2,-39.808023563222996,0.0002,110.50035056920585,724,0.025599575,0.22454150579150578,-0.058025959179769035
474,79,340,542.0451359599999,161792,312.26,0.9750053882598877,39.95968246459961,0.954502522945404,0.2,-39.77468106746674,0.0002,94.54494353532792,734,0.021650549,0.234521484375,-0.05957916692423169
474,80,345,537.20991041,163840,311.05,0.9600405693054199,40.12445068359375,0.9552425742149353,0.2,-39.76522224962113,0.0002,141.29967993796868,744,0.024912631,0.24618520066889632,-0.059359060049081924
474,81,349,546.99974622,165888,315.25,0.9710729122161865,32.78179931640625,0.9552524089813232,0.2,-39.77459987883872,0.0002,108.23379367260223,752,0.022158809,0.2035904255319149,-0.05288940391087152
475,82,353,559.95874427,167936,321.13,0.9380802512168884,97.90845489501953,0.9542858600616455,0.2,-39.758191143292834,0.0002,192.909432366722,759,0.030551389,0.20401554404145078,-0.048454770786986914
475,83,357,582.2854779100002,169984,326.44,0.9396708607673645,74.50274658203125,0.9553166627883911,0.2,-39.76289801061506,0.0002,211.31123252733218,765,0.021052275,0.16568047337278108,-0.04371802480726023
475,84,361,587.6945804999999,172032,327.58,0.9732922315597534,26.960525512695312,0.9556599259376526,0.2,-39.78455967483125,0.0002,117.25203774012432,772,0.033611592,0.20846826424870465,-0.05127164562247269
475,85,365,587.32061638,174080,325.16,0.9688324928283691,107.20033264160156,0.9540528655052185,0.2,-39.75831976015706,0.0002,146.00236705117973,780,0.022782888,0.2381844008264463,-0.05471731820490119
475,86,370,605.3871022,176128,329.15,0.9719803333282471,34.72482681274414,0.9523563385009766,0.2,-39.70845328569412,0.0002,121.52057236433029,790,0.019812603,0.219580078125,-0.05800554786837893
474,87,375,615.36838935,178176,330.26,0.9738100171089172,21.020185470581055,0.9525920152664185,0.2,-39.693631613254546,0.0002,98.82158051729202,800,0.02268812,0.256005859375,-0.06446456504054368
474,88,379,611.31338261,180224,326.8,0.9717939496040344,42.104278564453125,0.9529481530189514,0.2,-39.70166420450016,0.0002,138.6961704954809,808,0.021147104,0.22110969387755103,-0.05311755481347138
474,89,384,624.8957471699999,182272,328.98,0.9736851453781128,31.234636306762695,0.9525488615036011,0.2,-39.706042585185926,0.0002,105.5899269104004,816,0.022277607,0.23075980392156864,-0.05638697018079898
474,90,388,634.33982984,184320,330.03,0.9786989688873291,33.8992805480957,0.9528952240943909,0.2,-39.69869466232041,0.0002,86.24843716378939,826,0.023613263,0.22441737288135594,-0.058504177623633614
474,91,392,645.99480321,186368,333.73,0.9600268602371216,93.60358428955078,0.9517349004745483,0.2,-39.690878874680095,0.0002,142.05071461118501,831,0.019882092,0.17025862068965517,-0.043753517468877394
475,92,396,642.64806046,188416,332.27,0.9809625148773193,28.080875396728516,0.9518296718597412,0.2,-39.66891842796689,0.0002,97.27652942566644,837,0.023253381,0.21075148809523808,-0.04888546910314333
475,93,400,653.93348946,190464,333.7,0.9783505201339722,46.84782409667969,0.9524142742156982,0.2,-39.689878690242764,0.0002,81.19946806430816,847,0.023404036,0.25947265625,-0.06250387101172236
475,94,405,664.6443047199999,192512,338.11,0.9714245796203613,66.8357925415039,0.9521033763885498,0.2,-39.68761394277881,0.0002,121.1137701473695,857,0.02520443,0.23518041237113402,-0.05613653311230678
475,95,409,668.86698942,194560,341.46,0.9702283143997192,36.9672966003418,0.9514844417572021,0.2,-39.66988448022117,0.0002,118.32947937871369,864,0.019084422,0.1912411971830986,-0.049701531803532734
475,96,413,667.12235513,196608,340.25,0.9778710007667542,33.28805923461914,0.9519027471542358,0.2,-39.67362144325353,0.0002,103.67287256747862,874,0.02375919,0.260185917721519,-0.06327010421052905
475,97,418,669.4354449699998,198656,337.07,0.9714577198028564,39.50777053833008,0.9515385627746582,0.2,-39.66641263961792,0.0002,114.57376835346221,884,0.019919122,0.21572265625,-0.05726647492956545
475,98,422,663.4779615599998,200704,331.43,0.9770970940589905,42.57590103149414,0.9508760571479797,0.2,-39.65166848680751,0.0002,102.37559408890574,892,0.020519085,0.21716852226720648,-0.05420589124640593
475,99,426,656.7715565899999,202752,331.63,0.9773498177528381,43.41105270385742,0.9510398507118225,0.2,-39.65200361045631,0.0002,82.92783024504378,902,0.023152575,0.25116131756756754,-0.06193317384836641
475,100,430,656.0918331500001,204800,330.37,0.9623515009880066,30.813766479492188,0.952283501625061,0.2,-39.67483590841293,0.0002,122.60605037212372,912,0.02209114,0.249072265625,-0.06174028242530767
475,101,435,660.17914137,206848,330.21,0.965418815612793,42.55670166015625,0.9530532360076904,0.2,-39.703236893561986,0.0002,94.72772536166879,922,0.02195191,0.23920265780730898,-0.0594284370946899
475,102,439,662.0312789200001,208896,331.13,0.9811229109764099,44.96977996826172,0.9520223140716553,0.2,-39.687220239020014,0.0002,84.07358967174183,930,0.02645426,0.24431818181818182,-0.05405611666806397
475,103,443,658.00458692,210944,329.15,0.9756295680999756,36.73115921020508,0.9541166424751282,0.2,-39.711005783081056,0.0002,101.06904190911187,939,0.023076275,0.24270833333333333,-0.056536971286146175
475,104,447,671.75255685,212992,332.34,0.9651204347610474,57.210044860839844,0.9536824822425842,0.2,-39.736533033847806,0.0002,107.08294080495834,949,0.020318773,0.234375,-0.05710910515626892
476,105,451,672.5146331999999,215040,334.61,0.973623514175415,43.22724914550781,0.9549539089202881,0.2,-39.744298637257835,0.0002,127.02548131777372,955,0.025450788,0.22660765895953758,-0.04859237175305627
475,106,456,667.5721287600002,217088,333.71,0.9440075755119324,52.51217269897461,0.9564290642738342,0.2,-39.7931693315506,0.0002,155.06998726129532,965,0.020085724,0.22314453125,-0.05244988477497827
475,107,460,661.4594700800001,219136,332.35,0.9774174690246582,90.3621597290039,0.9563136696815491,0.2,-39.80975618033573,0.0002,138.7880409766888,975,0.030997943,0.23755387931034483,-0.05739812502348474
476,108,464,665.34682848,221184,333.71,0.9766755700111389,52.70474624633789,0.9561784863471985,0.2,-39.81362080207238,0.0002,129.70076767848087,984,0.020605654,0.21478365384615383,-0.05445642527551032
476,109,468,669.1227202499999,223232,333.88,0.9838362336158752,31.51296043395996,0.9556781649589539,0.2,-39.804171689644384,0.0002,92.66482696884788,991,0.022789914,0.23142281105990783,-0.05245735164311144
476,110,472,675.83073589,225280,336.64,0.975994884967804,39.9615364074707,0.9554768204689026,0.2,-39.78897573947906,0.0002,111.01794304847718,1001,0.0220427,0.24921875,-0.06009352997061797
476,111,477,681.62339397,227328,336.4,0.9828643798828125,27.36695671081543,0.954858660697937,0.2,-39.77644359270732,0.0002,90.84293945630391,1009,0.024190754,0.23131510416666667,-0.05871935692848638
476,112,481,700.2738015299999,229376,343.19,0.9650206565856934,48.10854721069336,0.9541669487953186,0.2,-39.752877885016844,0.0002,134.42429349042368,1014,0.021182496,0.17085597826086957,-0.038458689740197595
477,113,484,715.06843908,231424,347.41,0.9779262542724609,49.0568962097168,0.9538328051567078,0.2,-39.74001988057557,0.0002,117.90386093449472,1021,0.02638359,0.20820114213197968,-0.0486838534772207
477,114,488,728.2366473499999,233472,352.13,0.9833448529243469,42.705291748046875,0.954309344291687,0.2,-39.74045211247036,0.0002,94.56867084503173,1026,0.019187411,0.18046875,-0.043232571672914284
477,115,493,728.8194397899999,235520,351.41,0.9666665196418762,45.607688903808594,0.954275906085968,0.2,-39.744295351233035,0.0002,120.44576481221868,1036,0.030396698,0.22221020761245674,-0.053627387352229765
477,116,497,740.4679821599999,237568,353.77,0.9813969135284424,37.32173156738281,0.9533132314682007,0.2,-39.72454488166025,0.0002,90.39632082431116,1043,0.020939589,0.21195969626168223,-0.05147856337923522
477,117,501,761.2304583700002,239616,358.41,0.9846082925796509,39.23117446899414,0.9533475637435913,0.2,-39.716359764638575,0.0002,99.86694439974698,1050,0.022395372,0.2238794191919192,-0.05098751340075537
477,118,505,768.3072569400001,241664,361.18,0.9757636785507202,53.38520050048828,0.9531739354133606,0.2,-39.70703799688994,0.0002,120.10878356535044,1059,0.02368095,0.22003264925373134,-0.052800420364156476
477,119,510,768.6497466100002,243712,361.66,0.9778029322624207,49.05555725097656,0.9515399932861328,0.2,-39.68096295438072,0.0002,101.18276751318643,1068,0.024753384,0.21136143410852712,-0.053536069913326885
477,120,514,773.6204321999999,245760,362.51,0.9835579991340637,41.46025085449219,0.9514316916465759,0.2,-39.654805665526446,0.0002,86.89213028517156,1077,0.022302568,0.23633533210332103,-0.05902640960210199
477,121,519,788.63517021,247808,368.47,0.9769889116287231,32.496707916259766,0.9517174959182739,0.2,-39.65492040343204,0.0002,105.96405115935762,1087,0.024358897,0.2482521186440678,-0.05859438118651131
477,122,523,779.9932087099999,249856,368.21,0.9869324564933777,35.520267486572266,0.9513698220252991,0.2,-39.657612413973425,0.0002,76.39983294031641,1094,0.023365103,0.23627533783783783,-0.05530357947531114
478,123,526,791.31879496,251904,368.37,0.9899210333824158,42.65987777709961,0.9514520764350891,0.2,-39.65596874071204,0.0002,73.77121651690939,1098,0.01900701,0.14633152173913044,-0.035610182275590686
478,124,530,798.9270741999999,253952,368.4,0.9898154139518738,29.941484451293945,0.9503644704818726,0.2,-39.64126982306042,0.0002,76.06812509132997,1103,0.02053125,0.203125,-0.042593306583100864
478,125,534,808.77267461,256000,369.39,0.987428605556488,30.48140525817871,0.9497195482254028,0.2,-39.613889558620365,0.0002,78.66003586104696,1110,0.023196582,0.2381516587677725,-0.054723348733373166
479,126,538,822.1418306500001,258048,372.62,0.9914038181304932,26.31096839904785,0.9486985206604004,0.2,-39.58847773760215,0.0002,56.0611155060516,1116,0.021882132,0.20114942528735633,-0.0447665282535827
479,127,542,835.0147826,260096,376.53,0.9845162034034729,44.124298095703125,0.9488561153411865,0.2,-39.57323311941964,0.0002,88.09859972272601,1122,0.021520428,0.21785714285714286,-0.05038346547367317
479,128,547,832.3679374799999,262144,374.3,0.9809473156929016,25.907636642456055,0.9485106468200684,0.2,-39.568098653157556,0.0002,79.135151608785,1132,0.022409873,0.24645833333333333,-0.059233596011375386
478,129,551,830.2630248399998,264192,373.36,0.9862967729568481,41.7908935546875,0.9481494426727295,0.2,-39.558478438854216,0.0002,77.55183727741242,1142,0.021279871,0.237890625,-0.06170747333380859
478,130,555,821.4328077099999,266240,367.67,0.9909517765045166,29.48760414123535,0.9469748139381409,0.2,-39.53140073776245,0.0002,66.79754162788392,1149,0.020760555,0.19609375,-0.04812275313073769
479,131,560,831.76809641,268288,369.77,0.9832054376602173,27.873231887817383,0.9467340707778931,0.2,-39.50704383850098,0.0002,75.59032095695028,1156,0.023437623,0.20878507653061223,-0.0502405360208026
479,132,564,832.9492931799998,270336,368.83,0.9859980344772339,37.92460632324219,0.9465404748916626,0.2,-39.50171193942218,0.0002,68.93471005936743,1163,0.022548068,0.23877640845070422,-0.05561215751432757
479,133,568,841.0783581600001,272384,370.71,0.9802995324134827,39.65326690673828,0.9466542601585388,0.2,-39.50141356024944,0.0002,94.77239501308388,1172,0.020478522,0.22452684859154928,-0.05837156866106506
479,134,572,840.10982548,274432,369.18,0.9840845465660095,39.966678619384766,0.945905327796936,0.2,-39.49104366210348,0.0002,93.24341879950629,1179,0.019136267,0.19255736714975846,-0.0505509032431432
479,135,576,844.67967388,276480,371.52,0.9815426468849182,46.64289474487305,0.945694625377655,0.2,-39.480455490357095,0.0002,95.29797077688941,1185,0.021535788,0.19953208556149732,-0.051480317956464176
479,136,580,852.8455016300002,278528,376.06,0.9904326796531677,36.28728485107422,0.9449979662895203,0.2,-39.46089979768531,0.0002,71.94894735652245,1191,0.022681603,0.1977569018404908,-0.04622476411114898
479,137,585,851.8131382699999,280576,375.1,0.9771568179130554,34.11001968383789,0.9448448419570923,0.2,-39.4538693503728,0.0002,96.18734962826683,1201,0.021090804,0.23030753968253967,-0.057347917559719276
479,138,589,849.6809263600002,282624,373.16,0.9568657875061035,48.238677978515625,0.9456077814102173,0.2,-39.4610870153017,0.0002,137.02303965181213,1211,0.02411531,0.22786902730375427,-0.0534299134241843
479,139,593,843.9060209199998,284672,367.17,0.9853861331939697,28.34483528137207,0.9451876878738403,0.2,-39.46017906729099,0.0002,80.08430015091348,1219,0.029918069,0.2195796460176991,-0.052390434762743195
479,140,598,855.42473622,286720,367.63,0.9776661396026611,37.71669006347656,0.9446809887886047,0.2,-39.45058269435188,0.0002,98.45875454932144,1229,0.02658386,0.2511275773195876,-0.05920592930225521
479,141,602,854.62156108,288768,366.12,0.9870593547821045,28.026065826416016,0.9433587789535522,0.2,-39.418063034245996,0.0002,60.7669879772045,1235,0.028045755,0.22887731481481483,-0.04830028469110897
479,142,606,863.3605983300002,290816,367.56,0.9877591133117676,29.789724349975586,0.9442132711410522,0.2,-39.40950218536569,0.0002,66.96705345537677,1240,0.021670971,0.22238600628930819,-0.04660389223282442
479,143,610,865.4933102900001,292864,369.45,0.9837400317192078,41.16671371459961,0.945146918296814,0.2,-39.446337381998696,0.0002,85.36338199191623,1248,0.030093208,0.20409722222222224,-0.0508504411081473
479,144,614,854.1018305900002,294912,364.85,0.9819837808609009,33.56325912475586,0.9452483057975769,0.2,-39.45667124602754,0.0002,97.51140007406978,1258,0.023575395,0.24353813559322035,-0.05701166738329803
479,145,618,854.08781099,296960,364.17,0.9801123142242432,38.80630874633789,0.9448481798171997,0.2,-39.44873287871077,0.0002,108.95355180791907,1268,0.023118153,0.21605785472972974,-0.055370335729880815
479,146,623,858.5969866300001,299008,364.39,0.9789981842041016,31.046220779418945,0.944229245185852,0.2,-39.43627185570566,0.0002,91.96221229904576,1278,0.023234945,0.2362767269736842,-0.05662804097243536
479,147,627,869.01807315,301056,367.57,0.9888519048690796,24.958276748657227,0.9438566565513611,0.2,-39.41852553096818,0.0002,79.38714785634735,1284,0.030209063,0.19203317901234568,-0.04570637672081774
479,148,631,861.42981738,303104,364.99,0.9861642122268677,30.93355369567871,0.9431777000427246,0.2,-39.40484076387742,0.0002,74.50137494592106,1293,0.022199847,0.2333984375,-0.05677314945975976
480,149,635,865.9773088499999,305152,366.5,0.9808065295219421,31.86371421813965,0.9421775937080383,0.2,-39.37833213806152,0.0002,80.96326241842131,1299,0.024804946,0.20074314024390244,-0.04733576982781836
480,150,639,862.1679380399999,307200,364.84,0.9839315414428711,37.17201232910156,0.9403774738311768,0.2,-39.33960386346148,0.0002,98.61119309270569,1305,0.02003629,0.19478075916230367,-0.04943005975423605
480,151,643,861.69950919,309248,364.58,0.9822309017181396,32.02001953125,0.9390555620193481,0.2,-39.2900064319483,0.0002,98.8413231293065,1314,0.02285424,0.2316449814126394,-0.05605410867748041
480,152,648,850.0961984800001,311296,359.3,0.9828924536705017,52.30673599243164,0.9375949501991272,0.2,-39.24513325691223,0.0002,97.08537871837616,1324,0.02012125,0.223193359375,-0.057908563045202754
480,153,652,858.2660933599999,313344,361.34,0.9850974678993225,44.01681137084961,0.9372500777244568,0.2,-39.22153156606396,0.0002,76.79021290918091,1331,0.023266736,0.21945665829145727,-0.05090250217369828
480,154,656,842.2582396000001,315392,353.12,0.9792414903640747,48.361270904541016,0.9349687099456787,0.2,-39.177643330891925,0.0002,102.09107554400408,1340,0.024139253,0.24380787037037038,-0.05971992877139538
480,155,660,843.9404996400001,317440,353.17,0.976520299911499,35.09157943725586,0.934385359287262,0.2,-39.131478366919204,0.0002,101.87796574515083,1349,0.022101047,0.23669390459363956,-0.058345798970703626
480,156,665,850.1398459000001,319488,356.64,0.982292890548706,43.688114166259766,0.9328109622001648,0.2,-39.10272132310291,0.0002,97.20523772783727,1359,0.021268394,0.24318372483221476,-0.059743370645173245
480,157,669,847.4437834099999,321536,355.14,0.9867284297943115,24.957855224609375,0.9318728446960449,0.2,-39.06235613615617,0.0002,78.76363455730936,1363,0.019454524,0.1438858695652174,-0.03158271788902905
480,158,673,832.3903735700001,323584,349.49,0.9910114407539368,33.36125183105469,0.9313603639602661,0.2,-39.038047812835515,0.0002,64.67475216291105,1369,0.02520439,0.21180555555555555,-0.04637437417275376
481,159,676,832.68646553,325632,350.49,0.987688422203064,21.373615264892578,0.9308133721351624,0.2,-39.02179599993795,0.0002,65.2494840253124,1375,0.021927228,0.20485151933701656,-0.04823350768474584
481,160,680,829.35506398,327680,348.85,0.9818359017372131,41.390987396240234,0.930332362651825,0.2,-39.009113648358515,0.0002,98.68903735104729,1380,0.019444969,0.14740349264705882,-0.036465263617334556
481,161,685,844.4031490100002,329728,353.36,0.987356424331665,37.57759094238281,0.9302449822425842,0.2,-39.00584301906349,0.0002,74.26341423102184,1388,0.02937011,0.23202433628318583,-0.053826402040379764
481,162,689,848.4530884,331776,352.99,0.9894210696220398,23.660810470581055,0.930600106716156,0.2,-39.008481844733744,0.0002,77.26017198001637,1394,0.020374479,0.19751838235294117,-0.04334669659900315
481,163,692,845.7842982899997,333824,351.63,0.9902783036231995,27.18977165222168,0.9302951097488403,0.2,-39.00506313737616,0.0002,55.52856688901603,1400,0.023098812,0.21686746987951808,-0.04892610980152904
482,164,696,837.9611379600001,335872,347.97,0.9872928857803345,39.72270584106445,0.9307212233543396,0.2,-39.00563835375237,0.0002,85.19142769322251,1405,0.02062731,0.1534090909090909,-0.038580183211403586
482,165,700,829.5586074799999,337920,346.4,0.9897388815879822,9.461609840393066,0.9309963583946228,0.2,-39.018115667649255,0.0002,64.06524410954228,1411,0.030048005,0.21392746913580246,-0.046069570983771554
482,166,705,813.15532311,339968,341.81,0.9831479787826538,28.357913970947266,0.9293390512466431,0.2,-38.99563363790512,0.0002,95.7501604795456,1421,0.02132881,0.234228515625,-0.057788578709005375
482,167,709,828.52094942,342016,345.29,0.9883378148078918,28.017383575439453,0.9296952486038208,0.2,-38.98031875935007,0.0002,75.5132025698398,1429,0.021845577,0.21216755319148936,-0.05257076477691373
482,168,713,830.30769372,344064,345.0,0.98811936378479,25.67081642150879,0.9287956953048706,0.2,-38.96707431765368,0.0002,70.31012965292827,1434,0.023048434,0.20757299270072993,-0.042320530511520425
482,169,717,831.1183803099999,346112,346.08,0.9774097204208374,24.6177978515625,0.9291468858718872,0.2,-38.96210555372567,0.0002,101.66973825980877,1442,0.022993673,0.2156519396551724,-0.051647382583629727
482,170,721,830.301874,348160,345.05,0.984785795211792,22.54094886779785,0.9290689826011658,0.2,-38.964564967155454,0.0002,90.26023344993591,1452,0.020785328,0.23359375,-0.061286879132967445
482,171,726,830.5447591200001,350208,344.49,0.9906920790672302,25.432527542114258,0.9272168874740601,0.2,-38.92990055014362,0.0002,62.7258979392139,1461,0.022660833,0.2603021978021978,-0.06135440502834298
482,172,730,832.2649840899998,352256,345.79,0.9616447687149048,48.0937614440918,0.9273017644882202,0.2,-38.909805834293365,0.0002,126.97329187393188,1471,0.019399181,0.227783203125,-0.053181472096184734
482,173,734,831.31372005,354304,343.83,0.9772549867630005,35.09522247314453,0.9257864952087402,0.2,-38.88369875368865,0.0002,100.03289692090905,1479,0.02147399,0.21290760869565217,-0.05151425977946138
482,174,738,832.52649699,356352,344.26,0.9862053990364075,34.29591369628906,0.9242781400680542,0.2,-38.8384068922563,0.0002,80.36348859613592,1486,0.022941211,0.23920454545454545,-0.05310755080162463
482,175,742,834.8529863100001,358400,344.5,0.9906511306762695,33.032814025878906,0.9241855144500732,0.2,-38.81240340809763,0.0002,67.31936076835349,1492,0.029096602,0.21412037037037038,-0.04892001246579313
482,176,746,833.62570122,360448,343.54,0.9861949682235718,20.489776611328125,0.9231042265892029,0.2,-38.79240558673809,0.0002,67.69421867271522,1497,0.022800684,0.21164772727272727,-0.04541103169019636
482,177,750,838.3530419900001,362496,341.96,0.9854768514633179,21.20277214050293,0.9231299161911011,0.2,-38.78041315560389,0.0002,73.1779736798219,1504,0.023939213,0.21567234848484848,-0.04796896463335313
482,178,754,832.9228721100002,364544,338.26,0.9904463887214661,33.64445114135742,0.922633945941925,0.2,-38.77108314037323,0.0002,69.2220273733139,1509,0.021603964,0.20869140625,-0.044938459736295046
483,179,758,820.6538928800001,366592,335.55,0.9901412725448608,18.144058227539062,0.9214897155761719,0.2,-38.74752139613639,0.0002,63.52539706338045,1516,0.02143451,0.2445559954751131,-0.055328593859069755
483,180,762,821.9770836900002,368640,334.63,0.990545928478241,29.727806091308594,0.9206658601760864,0.2,-38.713231117998966,0.0002,62.58249895689917,1524,0.022189043,0.2385373975409836,-0.05439038367819835
483,181,766,834.3575930499999,370688,337.62,0.976767361164093,25.599842071533203,0.9203287363052368,0.2,-38.69992014449862,0.0002,81.43627058635658,1531,0.020799404,0.20830933179723501,-0.05049489510636176
483,182,770,839.2969428199999,372736,341.7,0.9822412729263306,23.313220977783203,0.919533371925354,0.2,-38.68436592147195,0.0002,90.3021682648969,1537,0.022931177,0.20257026627218935,-0.045018202663790544
483,183,774,836.58740229,374784,339.14,0.9863576889038086,33.9272575378418,0.919246256351471,0.2,-38.66855559123944,0.0002,79.14238390288128,1545,0.022468086,0.22163358369098712,-0.05270857012794701
483,184,778,833.95658796,376832,336.67,0.9855276942253113,24.972562789916992,0.9202475547790527,0.2,-38.67938105724348,0.0002,76.82497454206005,1554,0.023199048,0.23426218411552346,-0.05751253088216704
483,185,782,832.2984776099998,378880,334.69,0.9888198971748352,35.9547233581543,0.9192087650299072,0.2,-38.67411761813693,0.0002,73.74699456510488,1560,0.021779133,0.19316520467836257,-0.04504520036770325
483,186,787,845.4242954799998,380928,341.13,0.992033839225769,28.923160552978516,0.9190769195556641,0.2,-38.65917118038752,0.0002,63.75753506516988,1568,0.026678305,0.2316095132743363,-0.053251296318902644
483,187,791,853.59841016,382976,345.42,0.9695079922676086,25.69739532470703,0.9190375208854675,0.2,-38.659460732525254,0.0002,104.120691231097,1578,0.02203045,0.22088762214983712,-0.05231202275079678
484,188,795,874.6407013000003,385024,350.64,0.980833113193512,32.135650634765625,0.9183991551399231,0.2,-38.64678821367087,0.0002,89.27877036812379,1585,0.0287848,0.22052190721649484,-0.05049726747686869
484,189,799,886.3840927300001,387072,352.44,0.9880005121231079,47.66781234741211,0.9174951910972595,0.2,-38.62390486773322,0.0002,86.40096446766573,1588,0.019193789,0.15128676470588234,-0.030505995189442355
484,190,803,887.4878781799999,389120,353.57,0.9907279014587402,24.20693588256836,0.9172968864440918,0.2,-38.59934227090133,0.0002,65.735596355639,1593,0.02454382,0.22707648026315788,-0.04884806566099685
484,191,807,892.3071908500001,391168,356.34,0.9859996438026428,48.204872131347656,0.9182342886924744,0.2,-38.62067543665568,0.0002,83.32374051411946,1601,0.02161067,0.22024739583333333,-0.049937219250326355
484,192,812,892.7705585,393216,357.18,0.9680978059768677,52.101966857910156,0.9182083010673523,0.2,-38.63401015870807,0.0002,122.67761404929307,1611,0.025590062,0.2489334470989761,-0.05921972913305202
484,193,816,899.12149769,395264,357.55,0.9899164438247681,25.65793800354004,0.9185845851898193,0.2,-38.63558795840241,0.0002,57.51157637159954,1620,0.02364134,0.26096172480620156,-0.06278074094159312
484,194,820,898.7474748799999,397312,359.03,0.989378809928894,29.139175415039062,0.9191340804100037,0.2,-38.650843017578126,0.0002,60.81129639434815,1628,0.022198139,0.234125,-0.053912863060832025
484,195,824,907.8339401799999,399360,363.93,0.9855002164840698,21.531827926635742,0.9179037809371948,0.2,-38.637872321116355,0.0002,83.67571824919189,1636,0.02303901,0.22748362445414846,-0.05443130835370205
484,196,828,912.1843159900001,401408,368.09,0.9912130236625671,35.69596862792969,0.918920636177063,0.2,-38.63595461663399,0.0002,76.38474564879905,1641,0.02215532,0.19310591603053434,-0.037482647196823406
484,197,832,925.8654926800002,403456,369.25,0.9486818313598633,24.102418899536133,0.9187607169151306,0.2,-38.659447285166955,0.0002,116.01059471933465,1649,0.025169719,0.21600877192982457,-0.046878943359683546
484,198,837,936.0092854400001,405504,373.26,0.9871087670326233,27.279640197753906,0.9172357320785522,0.2,-38.625537230236695,0.0002,57.21574647985276,1659,0.025093429,0.2835189768976898,-0.06256394763861356
484,199,841,935.95402718,407552,372.97,0.9882122874259949,37.0880012512207,0.9162471890449524,0.2,-38.57646608854595,0.0002,70.34812065927606,1665,0.021906901,0.23980263157894738,-0.05024535735811744
484,200,845,942.28884431,409600,374.59,0.9886110424995422,31.53336524963379,0.9163315296173096,0.2,-38.57567098866338,0.0002,91.03613595547884,1673,0.023938885,0.2421195652173913,-0.054729212101791866
484,201,849,945.8589320200001,411648,374.2,0.9753342270851135,39.18408966064453,0.9168239831924438,0.2,-38.576186656951904,0.0002,122.9413419503432,1680,0.021156915,0.19989483173076922,-0.04291337006949247
484,202,852,952.6929893600001,413696,378.43,0.9924889802932739,19.83202362060547,0.9167142510414124,0.2,-38.59029554612566,0.0002,52.597829441032786,1684,0.02283912,0.18719059405940594,-0.03354827570959483
484,203,857,969.9983444899999,415744,384.34,0.9883717894554138,28.426380157470703,0.9162372946739197,0.2,-38.57570660324905,0.0002,70.75731117059823,1693,0.023763653,0.2559076855123675,-0.06010019408321739
485,204,861,975.98121053,417792,385.6,0.9893292784690857,24.222436904907227,0.9163292646408081,0.2,-38.57183710734049,0.0002,65.87662215459915,1699,0.025811262,0.24813988095238096,-0.04831686296078953
485,205,865,974.7557925999998,419840,384.44,0.9895215034484863,19.71839714050293,0.917269766330719,0.2,-38.58983136430572,0.0002,54.87699396399003,1704,0.023427648,0.21588212025316456,-0.04551175937256953
485,206,869,975.58087733,421888,383.9,0.9856610298156738,21.707292556762695,0.9159122109413147,0.2,-38.58285344441732,0.0002,93.88712736765544,1710,0.020152725,0.1870659722222222,-0.043010320550658634
485,207,872,979.84065728,423936,387.24,0.9934765696525574,29.961750030517578,0.9154115319252014,0.2,-38.55294442945911,0.0002,58.78586119990195,1714,0.017877981,0.1732610887096774,-0.03797472224030043
485,208,876,971.23593003,425984,385.49,0.9861849546432495,39.3104248046875,0.9155689477920532,0.2,-38.55007486605863,0.0002,102.77297768899061,1721,0.0218942,0.22111525229357798,-0.05371969603771053
485,209,880,960.9198824800001,428032,379.56,0.9914811849594116,20.80525779724121,0.9146701097488403,0.2,-38.53924803681426,0.0002,54.08716413476965,1727,0.02104162,0.20467032967032966,-0.04826511548586435
486,210,884,959.1617326100001,430080,381.77,0.9842906594276428,31.363515853881836,0.9145302772521973,0.2,-38.52078879807524,0.0002,83.98361258592435,1733,0.023212448,0.19199101796407186,-0.04540392004711899
486,211,888,978.00395501,432128,388.9,0.974381148815155,39.48596954345703,0.9141010642051697,0.2,-38.50628679448908,0.0002,110.95415025190873,1740,0.019898864,0.20710227272727272,-0.05137744852955538
486,212,892,996.0561202299998,434176,395.38,0.9775724411010742,32.94477844238281,0.9131081104278564,0.2,-38.485990333557126,0.0002,101.47109386444092,1747,0.023251006,0.2009375,-0.049122341042384506
486,213,896,1009.9987951400002,436224,399.17,0.9861519932746887,38.31604766845703,0.9125766158103943,0.2,-38.462352607086416,0.0002,97.02386492081271,1752,0.026121996,0.16781965648854963,-0.039664525679092254
486,214,900,1008.88701998,438272,398.99,0.9899396896362305,18.213884353637695,0.9117875099182129,0.2,-38.43730354309082,0.0002,52.91360767909459,1757,0.022333786,0.19464285714285715,-0.043140949026149296
486,215,904,1010.9509437199999,440320,400.06,0.9924008846282959,34.972381591796875,0.9116793870925903,0.2,-38.42711540117656,0.0002,63.37877713381972,1764,0.02428597,0.2577054794520548,-0.051536043257490824
486,216,908,1022.8721686,442368,402.92,0.9939157366752625,28.55463981628418,0.9111841917037964,0.2,-38.42054878160791,0.0002,57.80556269525324,1768,0.01941217,0.1709648058252427,-0.0342133092576439
487,217,912,1033.47134108,444416,407.72,0.9916271567344666,27.775068283081055,0.9114987850189209,0.2,-38.41070280756269,0.0002,56.299366337912424,1772,0.02270905,0.20089285714285715,-0.04140485798208309
487,218,916,1031.4658458699998,446464,410.1,0.9867779016494751,22.11878204345703,0.9129499197006226,0.2,-38.43695275067109,0.0002,63.54076191004861,1779,0.022980893,0.22113608374384236,-0.052134550151328
487,219,920,1037.32068418,448512,410.18,0.9923902750015259,22.78838348388672,0.9116203188896179,0.2,-38.441466789461124,0.0002,60.65279284978317,1785,0.020377588,0.21018714689265536,-0.049388762502957366
487,220,924,1034.9300256699998,450560,409.41,0.9866359829902649,21.477928161621094,0.9114630222320557,0.2,-38.414074237530045,0.0002,80.33201758416145,1791,0.021507584,0.20733173076923078,-0.04833701723204045
487,221,928,1045.45476829,452608,413.61,0.9897076487541199,26.68088150024414,0.9114145636558533,0.2,-38.416448092327435,0.0002,66.28511740508692,1797,0.021711094,0.2013791899441341,-0.046954012462900506
487,222,932,1054.9553457000002,454656,415.85,0.9897669553756714,30.53170394897461,0.9111835360527039,0.2,-38.41660100604416,0.0002,66.51739722435627,1804,0.022114964,0.22813933486238533,-0.05147676293550213
487,223,936,1054.79478685,456704,413.57,0.9898689389228821,15.484057426452637,0.910567045211792,0.2,-38.39611571629842,0.0002,49.16608997980754,1808,0.022281006,0.21002604166666666,-0.03953399608532588
487,224,940,1057.03201232,458752,414.44,0.9797252416610718,27.66205406188965,0.9108041524887085,0.2,-38.39221473269993,0.0002,94.31092439227633,1814,0.022558484,0.20581597222222223,-0.044561746892415814
487,225,944,1065.20526107,460800,414.94,0.989116370677948,21.45871925354004,0.9112985730171204,0.2,-38.40652928549863,0.0002,61.19425456481572,1820,0.02234462,0.22087647928994084,-0.04822659211442668
488,226,948,1061.3616089099999,462848,415.52,0.9899522662162781,21.168664932250977,0.9114124774932861,0.2,-38.41113513617346,0.0002,58.63988644943625,1827,0.025733393,0.24159263959390864,-0.04954286443239768
488,227,952,1062.01389305,464896,412.53,0.9873759746551514,23.950014114379883,0.9107826352119446,0.2,-38.40538182258606,0.0002,71.7287053902944,1835,0.022295937,0.22233072916666666,-0.05323393777168046
488,228,956,1075.8506507999998,466944,416.25,0.9855499267578125,26.196237564086914,0.9095585942268372,0.2,-38.378512874869415,0.0002,82.2511886419252,1842,0.022491943,0.23103197674418605,-0.051872547109459724
488,229,960,1085.8864007900002,468992,421.1,0.9939175844192505,13.551370620727539,0.9088672995567322,0.2,-38.34220413208008,0.0002,51.9874147605896,1846,0.025042292,0.1840625,-0.03477472890168429
488,230,964,1093.5549609900002,471040,422.86,0.9891111850738525,33.38701248168945,0.9089803099632263,0.2,-38.33421245530422,0.0002,75.62478757925071,1855,0.031455465,0.24215710116731518,-0.05692893087117414
488,231,968,1103.79421878,473088,424.23,0.9887437224388123,28.142385482788086,0.909909725189209,0.2,-38.35100783844908,0.0002,70.14547216678093,1861,0.022785252,0.2063997005988024,-0.044725332660098635
488,232,972,1094.50959369,475136,418.19,0.991766631603241,22.125017166137695,0.9092139005661011,0.2,-38.353566455025955,0.0002,68.8873396082821,1869,0.021021228,0.21748130341880342,-0.053460023218654416
488,233,976,1088.38521187,477184,417.36,0.9920955896377563,19.363021850585938,0.9091535210609436,0.2,-38.33762219336725,0.0002,51.66223044856902,1874,0.022453664,0.22258064516129034,-0.045152056039941886
488,234,980,1073.5402064399998,479232,414.16,0.9898639917373657,26.903385162353516,0.9082220792770386,0.2,-38.32803388461945,0.0002,88.86562276949549,1879,0.01813846,0.16590366242038215,-0.04098975875824215
488,235,984,1079.21764557,481280,413.25,0.98653244972229,20.29400634765625,0.9078755974769592,0.2,-38.30655989439591,0.0002,77.40953668304111,1885,0.022341786,0.22325067934782608,-0.05077823988445427
488,236,988,1071.94834354,483328,410.67,0.9909012913703918,19.207263946533203,0.9074538946151733,0.2,-38.29717066838191,0.0002,57.07037560389592,1890,0.025080647,0.17884615384615385,-0.038792619141391836
488,237,993,1069.7323346300002,485376,408.43,0.9874430894851685,26.313091278076172,0.9062578082084656,0.2,-38.264539650728786,0.0002,83.14317505722293,1900,0.022812031,0.24266788025889968,-0.06011114205749145
488,238,996,1065.54449051,487424,404.82,0.9945349097251892,18.794954299926758,0.906173825263977,0.2,-38.249960394466626,0.0002,49.18833459592333,1904,0.02176719,0.18367034313725492,-0.03461924837171739
489,239,1000,1076.19391987,489472,408.1,0.988892674446106,25.571544647216797,0.9062587022781372,0.2,-38.25104166978707,0.0002,70.26462485892641,1910,0.02572559,0.1959355828220859,-0.0469788343022846
489,240,1004,1082.27707893,491520,408.39,0.9914213418960571,25.721820831298828,0.9062156677246094,0.2,-38.24168642581497,0.0002,65.63917588924176,1916,0.022336759,0.21564226519337015,-0.04856730545279236
489,241,1008,1071.3212406100001,493568,407.42,0.9938203692436218,19.649869918823242,0.9053785800933838,0.2,-38.23037805362623,0.0002,48.06871630220997,1920,0.031060908,0.17378826530612246,-0.03372500759872551
489,242,1012,1066.87827807,495616,406.75,0.9952957034111023,25.732810974121094,0.9054116606712341,0.2,-38.21657919758901,0.0002,49.90942462701448,1926,0.023375863,0.2449280104712042,-0.04503469222288637
489,243,1016,1072.10871169,497664,408.58,0.9932999014854431,14.936470985412598,0.9051446318626404,0.2,-38.20666575431824,0.0002,42.35970033298839,1932,0.023273177,0.22318892045454544,-0.04620092373806983
489,244,1020,1076.8703035499998,499712,412.7,0.9862052798271179,15.253796577453613,0.9040724039077759,0.2,-38.18270611679345,0.0002,64.80812106885408,1941,0.023048604,0.25855263157894737,-0.05596648388983388
489,245,1025,1083.45058006,501760,415.31,0.9677149653434753,60.0150032043457,0.9054388999938965,0.2,-38.19312146402174,0.0002,146.40482371853244,1949,0.019675331,0.20230594758064516,-0.05202405908400373
